ชื่อคนหาโจทย์,โจทย์,สมการคณิตศาสตร์,คำตอบที่ถูกต้อง,คำตอบของ ChatGPT,เนื้อหา,chatGPTตอบถูกต้อง,โจทย์ภาษาอังกฤษ ChatGPT,คำตอบของโจทย์ภาษาอังกฤษ,chatGPTตอบโจทย์ภาษาอังกฤษถูกต้อง
ฐนียา,สุนิสาจะต้องมีเหรียญสองบาทกี่เหรียญ จึงจะแลกธนบัตรใบละหนึ่งพันบาทได้ 1 ฉบับ,1000/2,500 เหรียญ,500 เหรียญ,เงินตรา,yes,"To exchange a 1,000 baht banknote for 1 coin, how many 2 baht coins does Sunisa need?",500 coins,yes
ฐนียา,คุณพ่ออายุ 45 ปี 7 เดือน คุณแม่อ่อนกว่าคุณพ่อ 4 ปี 10 เดือน คุณแม่อายุเท่าไร,"(44-4),(12+7-10)",40 ปี 9 เดือน,40 ปี 9 เดือน,เวลา,yes,"Your father is 45 years and 7 months old, and your mother is younger than your father by 4 years and 10 months. How old is your mother?",40 years and 9 months old,yes
ฐนียา,ผ้าผืนหนึ่งมีพื้นที่ 678 ตารางเซนติเมตร ตัดเป็นรูปสี่เหลี่ยมกว้าง 5 เซนติเมตร ยาว 12 เซนติเมตร ขนาดเท่ากันให้ได้มากที่สุด จะเหลือผ้าเท่าไร,678-(INT(678/(12*5))*(12*5)),18 ตารางเซนติเมตร,618 ตารางเซนติเมตร,พื้นที่,no,"One piece of fabric has an area of 678 square centimeters. When cut into a rectangle with a width of 5 centimeters and a length of 12 centimeters, to maximize the size, how much fabric will be left?",18 square centimeters,yes
นพนันท์,"ชายชราต้องการซื้อลาจำนวนสิบตัวราคา 21,000 บาท แต่มีเงินเพียง
17,500 บาท ชายชราต้องหาเงินเพิ่มอีกเท่าไร",21000-17500,3500 บาท,3500 บาท,เงินตรา,yes,"The elderly man wants to buy a clock, priced at 21,000 baht, but he only has 17,500 baht. How much more money does the elderly man need to find?","3,500 baht.",yes
นพนันท์,"วันนี้ลาแกล้งล้มทำเกลือหกในลำธาร 5,760 กิโลกรัม ซึ่งน้อยกว่า
เมื่อวานอยู่ 1,470 กิโลกรัม เมื่อวานลาทำเกลือหกกี่กิโลกรัม",5760+1470,7230 กิโลกรัม,4290 กิโลกรัม,ชั่งตวง,no,"Today, La fell and made 5,760 kilograms of salt in the river, which is less than the 1,470 kilograms he made yesterday. How many kilograms of salt did La make yesterday?",1470 killograms,no
นพนันท์,"เจมส์ได้รับเงินจากการขายข้าวเป็นเงิน  140,000 บาท  ขายข้าวโพดเป็นเงิน 269,400 บาท และขายฝ้ายเป็นเงิน  25,000  บาท  เจมส์ขายข้าวขายข้าวโพดได้เงินมากกว่าเงินที่ได้จากการขายข้าวและขายฝ้ายรวมกันเท่าไร",269400-(140000+25000),104400 บาท,104400 บาท,เงินตรา,yes,"James received 140,000 baht from selling rice, 269,400 baht from selling corn, and 25,000 baht from selling silk. How much more money did James make from selling rice and corn combined compared to the money he made from selling rice and silk?","244,400 baht ",no
นพนันท์,"ร้านค้ามีสมุด 4,368 เล่ม  ซื้อมาเพิ่มอีก 2,200 เล่ม ขายไปเล่มละ 15  บาท  ถ้าขายหมดร้านค้าจะได้เงินเท่าไร
",(4368+2200)*15,98520 บาท,98520 บาท,เงินตรา,yes,"The store has 4,368 books and purchased an additional 2,200 books. If each book is sold for 15 baht, how much money will the store receive if all the books are sold?","98,520 baht",yes
นพนันท์,"นงลักษณ์มีลูกปัด 1,255 เม็ด สุมาลีมีลูกปัด 1,685 เม็ด นำมารวมกันเพื่อแบ่งใส่ถุง 
ถุงละ 60 เม็ด จะใส่ได้กี่ถุง",(1255+1685)/60,49 ถุง,49 ถุง,ชั่งตวง,yes,"Nonglak has 1,255 beads and Sumalee has 1,685 beads. They are combined to be divided into bags, with each bag containing 60 beads. How many bags can they fill?",49 bags,yes
นพนันท์,แม่ค้าขายส้มโอ  475 ผล  ราคาผลละ 35 บาท  ขายทุเรียน 175 กิโลกรัม  ราคากิโลกรัมละ 25 บาท  แม่ค้าขายผลไม้ได้เงินทั้งหมดเท่าไร,(475*35)+(175*25),21000 บาท,21000 บาท,เงินตรา,yes,The fruit seller sells 475 oranges at a price of 35 baht per orange and 175 kilograms of durian at a price of 25 baht per kilogram. How much money does the fruit seller make in total,"21,000 baht ",yes
นพนันท์,นุ้ยใช้เวลาในการเรียนนาน 8 ชั่วโมงต่อวัน ใน 1 สัปดาห์ นุ้ยใช้เวลาเรียนทั้งหมดกี่ชั่วโมง,(8*7),56 ชั่วโมง,56 ชั่วโมง,เวลา,yes,"If Nui spends 8 hours studying per day, for 1 week (7 days), how many total hours does Nui spend studying?",56 hours,yes
นพนันท์,เอิร์ทเดินทางออกจากกรุงเทพมหานคร เวลา 7.30 น. ถึงจังหวัดนครศรีธรรมราช เวลา 18.05 น. เอิร์ทใช้เวลาเดินทางจากกรุงเทพมหานครถึงนครศรีธรรมราชนานเท่าไร,((18*60)+5)-((7*60)+30),10 ชั่วโมง 35 นาที,10 ชั่วโมง 35 นาที,เวลา,yes,"
Erth traveled from Bangkok, departing at 7:30 a.m., and arrived in Nakhon Si Thammarat at 6:05 p.m. How long did Erth take to travel from Bangkok to Nakhon Si Thammarat?",18 hours + 35 minutes,no
นพนันท์,"อาย, แจ๋น, และเฟิร์สออกจากบ้านเวลา 6.00 น. แล้วได้ขึ้นรถเดินทางไปทำงานโดยรถประจำทางใช้เวลา 75 นาที จากนั้นเปลี่ยนไปขึ้นเรือโดยสารใช้เวลา 15 นาที และขึ้นรถมอเตอร์ไซต์รับจ้างใช้เวลา 10 นาที อาย, แจ๋น, และเฟิร์สจะถึงที่ทำงานเป็นเวลาเท่าไร?",((6*60)+(75+15+10))/60,7:40 น.,7:40 น.,เวลา,yes,"Ay, Jane, and First left home at 6:00 a.m. They took a bus to work, which took 75 minutes. Then, they switched to a passenger boat, which took 15 minutes. Lastly, they rode a motorcycle taxi, which took 10 minutes. What time will Ay, Jane, and First arrive at work?",7:40 A.M.,yes
นพนันท์,มุซันสั่งให้อสูรจันทรา 12 ตัว ไปขายประกันให้หน่วยพิฆาตอสูร โดยอสูรจันทราแต่ละคนต้องขายประกันให้ได้ 500 คน อสูรจันทราทั้งหมดต้องขายประกันทั้งหมดกี่คน?,12*500,6000 คน,6000 คน,จำนวน,yes,"""Moonsan ordered 12 Genie soldiers to sell insurance to the execution unit, with each Genie soldier required to sell insurance to 500 people. How many people do all the Genie soldiers have to sell insurance to in total?"""," 6,000 people",yes
นพนันท์,ม่อนและเต๋าใช้เวลาออกกำลังกาย สัปดาห์ที่1 ใช้เวลา 7 ชั่วโมง 33 นาที สัปดาห์ที่2 ใช้เวลา 6 ชั่วโมง 19 นาที รวมแล้ว ม่อนและเต๋าใช้เวลาออกกำลังกายทั้งหมดกี่นาที,((7*60)+33)+((6*60)+19),832 นาที,832 นาที,เวลา,yes,"Moan and Tae spend time exercising. In week 1, Moan spends 7 hours and 33 minutes, while in week 2, Tae spends 6 hours and 19 minutes. In total, how many minutes do Moan and Tae spend exercising?",832 minutes,yes
วีรเทพ,อาคารแห่งหนึ่งสูง 18 ชั้น แต่ละชั้นใช้กระจกทำหน้าต่าง ชั้นละ 400แผ่น อาคารแห่งนี้ใช้กระจกทำหน้าต่างทั้งหมดกี่แผ่น,18*400,7200 แผ่น,7200 แผ่น,พื้นที่,yes,There is a building with 18 floors. Each floor has 400 glass windows. How many glass windows are there in total in this building?,7200 glass,yes
วีรเทพ,พ่อสะสมธนบัตร ฉบับละ 50 บาท จำนวน 274 ฉบับ พ่อมีเงินทั้งหมดกี่บาท,50*274,13700 บาท,13700 บาท,เงินตรา,yes,"Father has collected banknotes, each worth 50 baht. There are 274 banknotes. How much money does Father have in total?",13700 baht,yes
วีรเทพ,โรงละครจัดการแสดงละครแห่งหนึ่ง มีผู้เข้าชมการแสดงละคร รอบละ 325 คน ค่าบัตรเข้าชมการแสดงละคร คนละ 150 บาท อยากทราบว่าถ้าโรงละครแห่งนี้เปิดการแสดงละคร 3 รอบ จะได้เงินจากการขายบัตรทั้งหมดกี่บาท,325*150*3,146250 บาท,146250 บาท,เงินตรา,yes,"There is a theater that organizes a drama performance. Each round of the performance has an audience of 325 people, and the ticket price for the drama performance is 150 baht per person. I would like to know how much money the theater would earn from selling tickets if they hold the drama performance for 3 rounds.",146250 baht,yes
วีรเทพ,ครูมีลูกชุบจำนวน 1480 ชิ้น แจกให้นักเรียน 5 ห้อง ห้องละเท่าๆกัน แต่ละห้องมีนักเรียน 37 คน นักเรียนแต่ละคนจะได้รับลูกชุบคนละกี่ชิ้น,1480 / (37*5),8 ชิ้น,8 ชิ้น,การแบ่งของ,yes,"The teacher has 1,480 pieces of candy and distributes them to students in 5 classrooms, with each classroom having an equal number of students. Each classroom has 37 students. How many pieces of candy will each student receive?",8 pieces,yes
วีรเทพ,พื้นห้องน้ำเป็นรูปสี่เหลี่ยมผืนผ้า กว้าง 2 เมตร ยาว 4 เมตร มีความยาวรอบพื้นห้องน้ำกี่เมตร,(2*2) + (2*4),12 เมตร,12 เมตร,พื้นที่,yes,The floor of the bathroom is a rectangular shape with a width of 2 meters and a length of 4 meters. What is the perimeter of the bathroom floor?,12 meters,yes
วีรเทพ,กระดานดำกว้าง 4 เมตร ยาว 6 เมตร วัดโดยรอบกระดานดำแผ่นนี้ยาวกี่เมตร,(2*4) + (2*6),20 เมตร,20 เมตร,พื้นที่,yes,The blackboard is 4 meters wide and 6 meters long. What is the perimeter of this blackboard?,20 meters,yes
วีรเทพ,พ่อขุดบ่อเลี้ยงปลาโดยปากบ่อเป็นรูปสี่เหลี่ยมผืนผ้ากว้าง 4 เมตร ยาว 5 เมตร บ่อเลี้ยงปลามีความยาวรอบปากบ่อกี่เมตร,(2*4) + (2*5),18 เมตร,18 เมตร,พื้นที่,yes,"Father dug a fish pond with a rectangular-shaped opening, 4 meters wide and 5 meters long. What is the perimeter of the fish pond?",18 meters,yes
วีรเทพ,ช่างไม้มีแผ่นไม้รูปสี่เหลี่ยมจัตุรัส แต่ละด้านยาว 25 เซนติเมตร แผ่นไม้แผ่นนี้มีพื้นที่กี่ตารางเซนติเมตร,25*25,625 ตารางเซนติเมตร,625 ตารางเซนติเมตร,พื้นที่,yes,A carpenter has a square-shaped wooden board with each side measuring 25 centimeters. What is the area of this wooden board in square centimeters?,625 square centimeters,yes
วีรเทพ,กระดาษสารูปสี่เหลี่ยมผืนผ้าแผ่นหนึ่ง กว้าง 30 เซนติเมตร ยาว 42 เซนติเมตร กระดาษสาแผ่นนี้มีพื้นที่กี่ตารางเซนติเมตร,30*42,1260 ตารางเซนติเมตร,1260 ตารางเซนติเมตร,พื้นที่,yes,A rectangular-shaped piece of paper has a width of 30 centimeters and a length of 42 centimeters. What is the area of this paper in square centimeters?,1260 square centimeters,yes
วีรเทพ,กรอบรูปสี่เหลี่ยมผืนผ้า กว้าง 55 เซนติเมตร ยาว 75 เซนติเมตร กรอบรูปนี้มีพื้นที่กี่ตารางเซนติเมตร,55*75,4125 ตารางเซนติเมตร,4125 ตารางเซนติเมตร,พื้นที่,yes,A rectangular picture frame has a width of 55 centimeters and a length of 75 centimeters. What is the area of this picture frame in square centimeters?,4125 square centimeters,yes
ภทรชล,ครีมซื้อหวี 545 บาท และกระจก 49 บาท ได้รับเงินทอน 56 บาท ตอนแรกครีมมีเงินอยู่เท่าไหร่ ,545 + 49 + 56 ,650 บาท,650 บาท,เงินตรา,yes,Cream bought a comb for 545 baht and a mirror for 49 baht. Received a change of 56 baht. How much money did Cream have at first?,650 baht,yes
ภทรชล,ไอติม ซื้อกระเป๋าสะพายจากชอปปี้ราคา 165 บาท บวกค่าขนส่งอีก 37 บาท ใช้โค้ดส่งฟรีช่วยลดค่าส่ง 30 บาท ไอติมจะต้องจ่ายเงินทั้งหมดเท่าไหร่,165 + 37 - 30, 172 บาท, 172 บาท,เงินตรา,yes,"Ice cream purchased a shoulder bag from Shopee for 165 baht, with an additional shipping fee of 37 baht. By using a free shipping code that reduces the shipping cost by 30 baht, how much does ice cream have to pay in total?",172 baht,yes
ภทรชล,ส้มราคากิโลละ 80 บาท ต้องการที่จะซื้อส้ม 3 กิโล ต้องมีเงินเท่าไหร่ จึงจะสามารถซื้อส้มได้ตามที่ต้องการ,80 * 3,240 บาท,240 บาท,เงินตรา,yes,"Oranges cost 80 baht per kilogram. If you want to buy 3 kilograms of oranges, you need as much as possible.",240 baht,yes
ภทรชล,มีขนมจีบอยู่ 48 ลูก แบ่งให้เด็กทั้งหมด 12 คน เด็กแต่ละคนจะได้ขนมจีบคนละกี่ลูก,48 /12,4 ลูก,4 ลูก,การแบ่งของ,yes,There are 48 dumplings divided among 12 children. How many dumplings will each child have?,4 dumplings,yes
ภทรชล,เจี๊ยบมีลูกอมอยู่ 20 เม็ด แบ่งให้เพื่อน 5 คน คนละ 2 เม็ด เจี๊ยบจะเหลือลูกอมกี่เม็ด,20 - (5*2),10 เม็ด,10 เม็ด,การแบ่งของ,yes,"Jeab has 20 candies, share with 5 friends, 2 each, how many candies will Jeab have left?",10 candies,yes
ภทรชล,"ค่าไฟราคาหน่วยละ 4 บาท เดือนนี้ต้องจ่ายค่าไฟ 1,250 บาท ใช้ไฟไปทั้งหมดกี่หน่วย",1250/4,312.5 หน่วย,312.5 หน่วย,จำนวน,yes,"The price of electricity is 4 baht per unit. This month, I have to pay electricity bills at 1,250 baht. How many units of electricity have been used in total?",312.5 unit,yes
ภทรชล,"มาร์คซื้อรถมาราคา 821,000 บาท แล้วมีคนมาขอซื้อรถต่อในราคา 830,000 บาท มาร์คจะได้กำไรจากการขายรถครั้งนี้เท่าไหร่","830,000 - 821,000","9,000 บาท","9,000 บาท",เงินตรา,yes,"Mark bought the car for 821,000 baht and someone asked to buy the car for 830,000 baht. How much profit would Mark get from selling the car this time?","9,000 baht",yes
ภทรชล,ขนมห่อละ 5 บาท เจนมีเงินอยู่ 120 บาท เจนจะสามารถซื้อขนมได้ทั้งหมดกี่ห่อ,120/5,24 ขนมห่อ,24 ขนมห่อ,เงินตรา,yes,A pack of snacks is 5 baht. Jane has 120 baht. How many packs of snacks can Jane buy?,24 bags,yes
ภทรชล,ห้องหนึ่งห้องต้องปูกระเบื้อง 450 แผ่น ถ้าตึก 1 ตึกมี 5 ชั้น ชั้นละ 12 ห้อง ตึกนี้ต้องใช้กระเบื้องกี่แผ่น,450*5*12,"27,000 แผ่น","27,000 แผ่น",พื้นที่,yes,"One room must be laid with 450 tiles. If 1 building has 5 floors, 12 rooms per floor, how many tiles does this building need?","27,000 tiles",yes
ภทรชล,ต้นเลี้ยงปลาหางนกยูงอยู่มนบ่อทั้งหมด 20 ตัว ต่อจากนั้นปลาในบ่อของต้นออกลูกตัวละ 3 ตัว ตอนนี้มีปลาอยู่ทั้งหมดกี่ตัวในบ่อ,20+(20*3),80 ตัว,80 ตัว,จำนวน,yes,"There are a total of 20 guppy fish in the pond. After the fish in the pond gave birth to 3 babies each, how many fish are there in the pond now?", 80 guppy fish,yes
ภทรชล,วินมอเตอร์ไซค์ขี่รถเป็นระยะทาง 89 เมตร ต่อการขี่ 1 รอบ ถ้าใน 1 วัน ต้องขี่รับลูกค้า 16 รอบ วินมอเตอร์ไซค์ต้องขี่รถรวมทั้งหมดวันละกี่เมตร,89*16," 1,424 เมตร"," 1,424 เมตร",ระยะทาง,yes,"A motorcyclist rides a distance of 89 meters per 1 lap. If in 1 day, you have to ride to pick up customers 16 times, how many meters in total do motorcyclists have to ride per day?","1,424 meters per day.",yes
ภทรชล,"รถแท็กซี่ขับรถ 1 รอบได้เงิน 180 บาท ต้องขับรถกี่รอบถึงจะได้เงิน 2,700 บาท","2,700/180",15 รอบ,15 รอบ,ระยะทาง,yes,"A taxi drives 1 round and gets 180 baht. How many rounds do you have to drive to get 2,700 baht?",15 rounds,yes
ชนิกานต์,แม่หมูนำผักกาดขาวมาแช่น้ำเกลือเพื่อให้ปราศจากยาฆ่าแมลงเป็นเวลา660วินาที คิดเป็นกี่นาที่ กี่วินาที,660/60,11 นาที,11 นาที,เวลา,yes,"maemoo soaked the Chinese cabbage in saltwater 
to remove pesticides for 660 seconds. 
How many minutes and seconds is that?",11 minutes,yes
ชนิกานต์,"โดโดทำขนมปังโดยนำเข้าตู้อบเวลา 8.45 น. ใช้เวลาอบ 45 นาที 
โดโดทำขนมปังเสร็จเวลาใด",,9:30 น.,9:30 น.,เวลา,yes,"Dodo baked the bread by putting it in the oven at 8:45 a.m. 
It took 45 minutes to bake. 
At what time did Dodo finish making the bread?",9 : 30 a.m.,yes
ชนิกานต์,"เจตใช้เวลาทำการบ้าน 1 ชั่วโมง 35 นาที หลังจากนั้นเล่นเกมอีก
 1 ชั่วโมง 45 นาที 
เจตใช้เวลาทำการบ้านและเล่นเกมกี่ชั่วโมงกี่นาที",,3ชั่วโมง 20 นาที,3 ชั่วโมง 20 นาที,เวลา,yes,"Jade spent 1 hour and 35 minutes doing homework, 
and then played games for an additional 1 hour and 45 minutes. 
How many hours and minutes did Jade spend on homework and gaming?",3 hours and 20 minutes ,yes
ชนิกานต์,"ออกบ้านเวลา 11.15 น. ถึงหน้าอิมแพคอารีน่าเวลา 12.10 น. 
ใช้เวลาเดินทางเท่าไร",,55 นาที,55 นาที,เวลา,yes,"What is the travel time from leaving home at 11:15 a.m. to 
arriving at Impact Arena at 12:10 p.m.?",55 minutes.,yes
ชนิกานต์,"บานหน้าต่างเป็นรูปสี่เหลี่ยมผืนผ้า ยาว 110 เซนติเมตร 
วัดความยาวโดยรอบหน้าต่างได้ 4เมตร 10 เซนติเมตร 
บานหน้าต่างกว้างเท่าใด",410=(2*X+110),95 เซนติเมตร,95 เซนติเมตร,พื้นที่,yes,"The window frame is a rectangular piece of fabric with a length 
of 110 centimeters. When measured around the window frame, 
it is 4 meters 10 centimeters. What is the width of the window frame?",95 centimeters.,yes
ชนิกานต์,"กรอบรูปเป็นรูปสี่เหลี่ยมจัตุรัส ยาวด้านละ 26 เซนติเมตร 
ถ้าแทมต้องการตกแต่งกรอบรูปโดยติดริบบิ้นทาบไปตามขอบ
ของกรอบรูป แทมต้องใช้ริบบิ้นยาวอย่างน้อยเท่าใด",4*26,104 เซนติเมตร,104 เซนติเมตร,พื้นที่,yes,"If Tam wants to decorate the frame of a square picture frame, with each side measuring 26 centimeters, by attaching ribbons along the edges of the frame, how long of a ribbon does Tam need at least",104 centimeters.,yes
ชนิกานต์,"ผ้าผืนหนึ่งมีด้านกว่าง 21 เซนติเมตร ยาว 38 เซนติเมตร 
นำผ้ามาต่อกัน 5 ผืนจะมีพื้นที่ทั้งหมดเท่าไร",(21*38)*5,"3990 
ตารางเซนติเมตร","3990 
ตารางเซนติเมตร",พื้นที่,yes,"If a piece of fabric has a width of 21 centimeters and 
a length of 38 centimeters, 
what is the total area when five pieces of fabric are joined together?",3990 square centimeters,yes
ชนิกานต์,"สมศรีขายไข่เป็ดแพงกว่าไข่ไก่ฟองละ 0.75 บาท 
ถ้าไข่เป็ดฟองละ 4.50 บาท ไข่ไก่ราคาฟองละเท่าไร",(4.50-0.75)+4.50,3.75 บาท,3.75 บาท,ทศนิยม,yes,"Somsri sells duck eggs at a higher price than chicken eggs, 
which cost 0.75 baht per egg. If a duck egg costs 4.50 baht per egg, what is the price per egg for chicken eggs?",0.75 baht.,no
ชนิกานต์,"แจมกับเจนแข่งขันขี่จักรยาน โดยตกลงว่าจะใช้เวลา 30 นาที 
ผลปรากฏว่า เจนขี่จักรยานรอบสนามกีฬาได้ 685.95 เมตร 
แจมขี่จักรยานได้มากกว่าเจน 1.27 เมตร 
เจนขี่จักรยานได้ระยะทางเท่าใด",685.95+1.27,687.22 เมตร,687.22 เมตร,ทศนิยม,yes,"Jam and Jane competed in a bicycle race, agreeing to spend 30 minutes. The result showed that Jane cycled 685.95 meters around the sports field, while Jam cycled 1.27 meters more than Jane. How far did Jim cycle?",687.22 meters.,yes
ชนิกานต์,"ป้ารวยซื้อผักคะน้า 44.75 บาท ผักบุ้ง 42.50 บาท 
ต้นหอม 37.50 บาท ป้ารวยจ่ายเงินค่าผักทั้งหมดเท่าไร",44.75+42.50+37.50, 124.75 บาท, 124.75 บาท,ทศนิยม,yes,"Aunt Ruay purchased Chinese kale for 44.75 baht, 
water spinach for 42.50 baht, and coriander for 37.50 baht. 
How much did Aunt Ruay pay in total for the vegetables?",124.75 baht,yes
ชนิกานต์,"แอชกับบ๊อบเก็บออมเงินสม่ำเสมอและนำเงินฝากธนาคาร 
สิ้นปีคิดดอกเบี้ยแอชได้รับดอกเบี้ย 480.66 บาท 
บ๊อบได้รับดอกเบี้ยน้อยกว่าแอช 127.75 บาท 
สองคนพี่น้องได้รับดอกเบี้ยรวมกันเท่าไหร่ ","(480.66-127.75)
+480.66",833.57 บาท,608.41 บาท,ทศนิยม,no,"Ash and Bob have regular savings and deposited money in the bank. 
At the end of the year, Ash received interest of 480.66 baht, 
while Bob received less interest than Ash, which was 127.75 baht. 
How much is the total interest that both of them received?",608.41 baht,no
ธรากร,ป้าแย้มขายส้มเขียวหวานได้ 67.4 กิโลกรัม ขายมะละกอได้ 27.6 กิโลกรัม ป้าแย้มขายส้มเขียวหวานได้มากกว่ามะละกอกี่กิโลกรัม,67.4-27.6=39.8,39.8 กิโลกรัม,39.8 กิโลกรัม,การลบทศนิยม,yes,Aunt Yem sold 67.4 kilograms of sweet green oranges and 27.6 kilograms of papayas. How many kilograms more did Aunt Yem sell of sweet green oranges compared to papayas?,39.8 kilograms,yes
ธรากร,แม่ทำน้ำส้มคั้นได้ 3.5 ลิตร แม่ต้องใช้น้ำส้มคั้นสำหรับเลี้ยงเพื่อน ๆ 5.85 ลิตร แม่ต้องทำน้ำส้มคั้นเพิ่มอีกอย่ํางน้อยกี่ลิตร,5.85-3.5 = 2.35,2.35 ลิตร,2.35 ลิตร,การลบทศนิยม,yes,Mother made 3.5 liters of orange juice. She needs 5.85 liters of orange juice to serve her friends. How many more liters of orange juice does she need to make?,2.35 liters,yes
ธรากร,พ่อต้องการทำรั้วรอบที่ดินแปลงหนึ่ง ซึ่งต้องใช้ลวดหนามยาว 212.4 เมตร แต่พ่อมีลวดหนามอยู่แล้ว 128.93 เมตร ต้องซื้อลวดหนามเพิ่มอีกเท่าใด,212.4-128.93 = 83.47,83.47 เมตร,83.47 เมตร,การลบทศนิยม,yes,"Father needs to build a fence around a piece of land, and it requires a length of barbed wire of 212.4 meters. However, Father already has 128.93 meters of barbed wire. How much additional barbed wire does Father need to purchase?", 83.47 meters,yes
ธรากร,"เดือนมีนาคม จินดาจ่ายค่าน้ำประปา 86.67 บาท และจ่ายค่าไฟฟ้า 265.47 บาท
เดือนมีนาคมต้องจ่ายค่าน้ำประปาและค่าไฟฟ้ารวมเป็นเงินเท่าใด",265.47+86.67 = 352.14,352.14 บาท,352.14 บาท,การบวกทศนิยม,yes,"In the month of March, Jinda paid 86.67 baht for water bill and 265.47 baht for electricity bill. What is the total amount Jinda has to pay for water and electricity in March?",352.14 baht,yes
ธรากร,สมปองมีเงินฝํากธนาคารสำหรับจ่ายค่าน้ำประปา และไฟฟ้า 500 บาท เดือนเมษายนธนาคารหักค่าน้ำประปา 78.67 บําท ค่าไฟฟ้า 278.54 บาท เดือนนี้สมปองเหลือเงินเท่าไร,500-(278.54+78.67) =142.79,142.79 บาท,142.79 บาท,การลบทศนิยม,yes,"Sompong has a bank deposit of 500 baht for paying water and electricity bills. In April, the bank deducted 78.67 baht for the water bill and 278.54 baht for the electricity bill. How much money does Sompong have left this month?",142.79 baht,yes
ธรากร,เดิมแม่มีผ้าสีขาว 8.6 เมตร ซื้อมาอีกชิ้นหนึ่งซึ่งสั้นกว่าชิ้นเดิม 4.85 เมตร ขณะนี้แม่มีผ้าสีขาวทั้งหมดกี่เมตร,8.6+(8.6-4.85) = 12.35,12.35 เมตร,13.45 เมตร,การบวกทศนิยม,no,"Initially, the mother had 8.6 meters of white fabric. She bought another piece that was shorter than the first one, measuring 4.85 meters. How many meters of white fabric does the mother have in total now?",13.45 meters,no
ธรากร,แม่ซื้อสายยางสำหรับรดน้ำต้นไม้ เส้นหนึ่งยาว 23.5 เมตร อีกเส้นหนึ่งสั้นกว่าเส้นแรก5.3 เมตร แม่ซื้อสายยางทั้งหมดกี่เมตร,23.5+(23.5-5.3)=41.7,41.7 เมตร,28.8 เมตร,การบวกทศนิยม,no,"Mother bought rubber hoses for watering plants. One hose is 23.5 meters long, and another hose is shorter than the first one by 5.3 meters. How many meters of rubber hose did the mother buy in total?",41.7 meters,yes
ธรากร,นัทกับนิดเก็บออมเงินสม่ำเสมอและนำเงินฝากธนาคาร สิ้นปีคิดดอกเบี้ยนัทได้รับดอกเบี้ย463.50 บาท นิดได้รับดอกเบี้ยน้อยกว่านัท 138.75 บาท สองคนที่น้องได้รับดอกเบี้ยรวมกันเท่าไร,463.5+(463.5-138.75) = 788.25,788.25 บาท,788.25 บาท,การบวกทศนิยม,yes,"Nath and Nid have regular savings and deposited money in the bank. At the end of the year, Nath received 463.50 baht in interest, while Nid received 138.75 baht less than Nath. What is the total interest they received together?",788.25 baht,yes
ธรากร,บานหน้าต่างเป็นรูปสี่เหลี่ยมผืนผ้า ยาว 110 เซนติเมตร วัดความยาวโดยรอบหน้าต่างได้ 4 เมตร 10 เซนติเมตร บานหน้าต่างกว้างเท่าใด,410-(110x2) = 1.9,1.9 เมตร,1.8 เมตร,เรขาคณิตสองมิติ,no,"The window frame is a rectangular fabric piece that is 110 centimeters long. When measuring the perimeter of the window frame, it measures 4 meters 10 centimeters. What is the width of the window frame?",1.8 meters,no
ธรากร,แปลงผักเป็นรูปสี่เหลี่ยมจัตุรัส มีความยาวรอบแปลงผัก 3 เมตร 40 เซนติเมตรแปลงผักนี้ยาวด้านละเท่าใด,340/4 = 85,85 เซนติเมตร,85 เซนติเมตร,เรขาคณิตสองมิติ,yes,The vegetable plot is in the shape of a square. It has a perimeter of 3 meters 40 centimeters. What is the length of each side of the vegetable plot?,85 centimeters,yes
ตะวัน,"ชายชราต้องการซื้อลาจำนวนสิบตัวราคา 21,000 บาท แต่มีเงินเพียง
17,500 บาท ชายชราต้องหาเงินเพิ่มอีกเท่าไร","21,000 - 17,500 = 3,500","3,500 บาท","3,500 บาท",เงินตรา,yes,"The elderly man wants to buy a lottery ticket priced at 21,000 baht, but he only has 17,500 baht. How much more money does the elderly man need to find?","3,500 baht.",yes
ตะวัน,"อาหารของเต่าทองหนัก 89,680 มิลลิกรัม อาหารของผึ้งน้อยหนัก
65,976 มิลลิกรัม อาหารของเต่าทองและอาหารของผึ้งน้อยหนักทั้งหมด
กี่มิลลิกรัม","89,680 + 65,976 = 155,656","155,656 มิลลิกรัม","155,656 มิลลิกรัม",ชั่งตวง,yes,"The food for the golden turtle weighs 89,680 milligrams, and the food for the little bee weighs 65,976 milligrams. What is the total weight of the food for the golden turtle and the little bee?","155,656 milligrams",yes
ตะวัน,"วันนี้ลาแกล้งล้มทำเกลือหกในลำธาร 5,760 กิโลกรัม ซึ่งน้อยกว่า
เมื่อวานอยู่ 1,470 กิโลกรัม เมื่อวานลาทำเกลือหกกี่กิโลกรัม","5,760 + 1,470 = 7,230","7,230 กิโลกรัม","7,230 กิโลกรัม",ชั่งตวง,yes,"Today, the salt harvest was 5,760 kilograms, which is less than yesterday when it was 1,470 kilograms. How many kilograms was the salt harvest yesterday?","7,230 kilograms",yes
ตะวัน,"มีน้ำผึ้งอยู่ 65,976 มิลลิกรัม ให้เต่าทองกินไป 3,560
มิลลิกรัม ยังเหลือน้ำผึ้งกี่มิลลิกรัม ","65,976 - 3,560 = 62,416","62,416 มิลลิกรัม","62,416 มิลลิกรัม",ชั่งตวง,yes,"There is honey weighing 65,976 milligrams, and the golden turtle consumed 3,560 milligrams. How much honey is left?","62,416 milligrams",yes
ตะวัน,"มีน้ำผึ้งอยู่ 65,976 มิลลิกรัม และมีน้ำหวาน 89,680 มิลลิกรัม
อยากทราบว่าน้ำผึ้งและน้ำหวานหนักต่างกันเท่าไร","89,680 - 65,976 = 23,704"," 23,704 มิลลิกรัม"," 23,704 มิลลิกรัม",ชั่งตวง,yes,"There is honey weighing 65,976 milligrams, and there is nectar weighing 89,680 milligrams. I would like to know the weight difference between the honey and the nectar.","23,704 milligrams",yes
ตะวัน,"เต่าทองบินกลับรังเป็นระยะทาง 3,560 เมตร ถ้าหากผึ้งน้อยบินมา
หาเต่าทองโดยบินอ้อมไป 790 เมตร ผึ้งน้อยบินมาหาเต่าทองเป็นระยะทาง
เท่าไร","3,560 + 790 = 4,350","4,350 เมตร","4,350 เมตร",ระยะทาง,yes,"The golden turtle flies back to its nest for a distance of 3,560 meters. If a little bee flies to find the golden turtle and then flies back for a distance of 790 meters, what is the total distance the little bee flies?","4,350 meters.",yes
ตะวัน,"วันแรกพ่อค้าขี่ลาเพื่อไปซื้อเกลือ 9,465 กิโลกรัม วันที่สองซื้อน้อย
กว่าวันแรกอยู่ 1,395 กิโลกรัม วันที่สองพ่อค้าซื้อเกลือมาเท่าไร
","9,465 - 1,395 = 8,070","8,070 กิโลกรัม","8,070 กิโลกรัม",เงินตรา,yes,"On the first day, the merchant rode the cart to buy salt weighing 9,465 kilograms. On the second day, he bought less salt than the first day, by 1,395 kilograms. How much salt did the merchant buy on the second day?","8,070 kilograms",yes
ตะวัน,"กบถูกนกกระสาจิกกินไป 23,439 ตัว ยังเหลือกบอยู่อีก 12,500 ตัว
เดิมมีกบอยู่ในบึงจำนวนกี่ตัว
","23,439 + 12,500 = 35,939","35,939 ตัว","35,939 ตัว",จำนวน,yes,"A total of 23,439 frogs were eaten by herons, and there are still 12,500 frogs remaining. How many frogs were originally in the pond?","35,939 frogs",yes
ตะวัน,"ชายชราเดินทางไปซื้อลาเป็นระยะทาง 6,700 เมตร และเดินทางไป
หาเพื่อนอีก 5,345 เมตร ชายชราเดินทางทั้งหมดกี่เมตร","6,700 + 5,345 = 12,045","12,045 เมตร","12,045 เมตร",ระยะทาง,yes,"The elderly man traveled a distance of 6,700 meters to buy lottery tickets and traveled another 5,345 meters to meet a friend. How many meters did the elderly man travel in total?","12,045 meters.",yes
ตะวัน,"วิชัยขายรถจักรยานยนต์ราคาคันละ 65,000 บาท
ขายได้5 คัน วิชัยได้เงินทั้งหมดเท่าไร","65,000 x 5 = 325,000","325,000 บาท","325,000 บาท",เงินตรา,yes,"Wichai sells motorcycles priced at 65,000 baht each. He sold 5 motorcycles. How much money did Wichai receive in total?","325,000 baht.",yes
นันทนัช,"พ่อค้าขายรองเท้าผ้าใบได้เงิน 183,975 บาท ขายรองเท้านักเรียน ได้เงิน 227,823 พ่อค้าขายรองเท้าทั้งสองชนิดได้เงินกี่บาท","183,975 + 227,823 = 411,798 ","411,798 บาท","411,798 บาท",เงินตรา,yes,"The merchant made 183,975 baht selling casual shoes and 227,823 baht selling school shoes. How much money did the merchant make from selling both types of shoes?","411,798 baht.",yes
นันทนัช,"ปีนี้กรมป่าไม้แจกพันธุ์ไม้ให้หมู่บ้านตะวัน 389,200 ต้น และแจกให้หมู่บ้านชลธาร 624,900 ต้น ปีนี้กรมป่าไม้แจกพันธุ์ไม้กี่ต้น","389,200 + 624,900 = 1,014,100","1,014,100 ต้น","1,014,100 ต้น",จำนวน,yes,"
This year, the Department of Forestry distributed 389,200 tree saplings to the Tawan village and 624,900 tree saplings to the Chonthan village. How many tree saplings did the Department of Forestry distribute in total this year?","1,014,100 tree saplings.",yes
นันทนัช,"โรงงานแห่งหนึ่งจ่ายค่าไฟฟ้า 452,200 บาท จ่ายค่าน้ำประปา 180,372 บาท โรงงานแห่งนี้จ่ายค่าไฟฟ้ามากกว่าค่าน้ำกี่บาท","452,000 - 180,372 = 271,828","271,828 บาท","271,828 บาท",เงินตรา,yes,"One factory pays 452,200 baht for electricity and 180,372 baht for water. How much more does the factory pay for electricity compared to water?","271,828 baht.",yes
นันทนัช,"ปี พ.ศ.2560 มีนักท่องเที่ยวเข้ามาที่ภูทับเบิกเป็นประชากรชายจำนวน 1,540,000 คน ซึ่งมากกว่าประชากรหญิงจำนวน 820,000 คน นักท่องเที่ยวที่เข้ามาเที่ยวที่ภูทับเบิกเป็นประชากรหญิงทั้งหมดกี่คน","1,540,000 - 820,000 = 720,000","720,000 คน","720,000 คน",จำนวน,yes,"In the year 2560 BE, there were 1,540,000 male tourists visiting Phu Thap Boek, which was more than the number of female tourists, which was 820,000. How many female tourists visited Phu Thap Boek in total?","720,000 female tourists.",yes
นันทนัช,สบู่เหลว 2 ขวด บรรจุในขวดที่มีรูปร่างแตกต่างกัน สบู่เหลวในขวดใบแรกมีปริมาตร 0.75 ลิตร สบู่เหลวในขวดอีกอีกใบหนึ่งมีปริมาตร 0.5 ลิตร สบู่เหลวทั้งสองขวดมีปริมาตรรวมกันกี่ลิตร ,0.75 + 0.5 = 1.25 ลิตร,1.25 ลิตร,1.25 ลิตร,ทศนิยม,yes,"There are two bottles of liquid soap, each contained in bottles with different shapes. The first bottle of liquid soap has a volume of 0.75 liters, while the second bottle has a volume of 0.5 liters. What is the total volume of liquid soap in both bottles?",1.25 liters.,yes
นันทนัช,ถนนสายหนึ่ง วันแรกเทคอนกรีตได้ 42.55 กิโลเมตร วันที่สองเทคอนกรีตได้มากกว่าวันแรก 10.12 กิโลเมตร วันที่สองเทคอนกรีตได้กี่กิโลเมตร,42.55 + 10.12 = 52.67 กิโลกรัม,52.67 กิโลกรัม,52.67 กิโลเมตร,ระยะทาง,yes,"On the first day, one road received 42.55 kilometers of concrete. On the second day, it received an additional 10.12 kilometers more than the first day. How many kilometers of concrete did it receive on the second day?",52.67 kilometers.,yes
นันทนัช,"รถบรรทุกคันหนึ่ง บรรทุกข้าวโพด 3,176.25 กิโลกรัม บรรทุกมันสำปะหลัง หนัก 2,687.5 กิโลกรัม บรรทุกฟักทอง 2,733.75 รถบรรทุกคันนี้บรรทุกของหนักทั้งหมดกี่กิโลกรัม","3,176.25 + 2,687.5 + 2,733.75 = 8,597.5 ","8,597.5 กิโลกรัม","8,597.5 กิโลกรัม",ชั่งตวง,yes,"One truck carries 3,176.25 kilograms of corn, 2,687.5 kilograms of potatoes, and 2,733.75 kilograms of pumpkins. How much does the total load weigh in kilograms for this truck?","2,733.75 kilograms.",yes
นันทนัช,พี่ซ้อมฟุตบอลวันแรกใช้เวลา 2 ชั่วโมง 15 นาที วันที่ 2 ใช้เวลา 145 นาที พี่ใช้เวลาซ้อมฟุตบอลวันใดนานกว่ากัน,60+60+15 = 135 < 145 ,วันที่สอง,วันแรก,เวลา,no,"On the first day, it took my sibling 2 hours and 15 minutes to practice football. On the second day, it took them 145 minutes. Which day did my sibling spend more time practicing football?",second day because 145 minutes (on the second day) > 135 minutes (on the first day).,yes
นันทนัช,พ่อใช้เวลาซ่อมแซมบ้าน 23 วัน ลุงใช้เวลาซ่อมแซมบ้าน 2 สัปดาห์ 5 วัน ใครใช้เวลาซ่อมแซมบ้านน้อยกว่ากัน,23 < 7+7+5=19,ลุง,ลุง,เวลา,yes,"Father took 23 days to repair the house, while Uncle took 2 weeks and 5 days. Who took less time to repair the house?",Uncle took less time to repair the house because 19 days (for Uncle) < 23 days (for Father).,yes
นันทนัช,ชาลีทำงานในช่วงเวลาปิดภาคเรียนเป็นเวลา 2 เดือน 5 วัน ถ้าชาลีทำงานแล้ว 1 เดือน 10 วัน ชาลีต้องทำงานในช่วงปิดภาคเรียนอีกกี่วัน,"30+30+5 = 65 (1)
30+10 = 40 (2)
(2)-(1); 65-40=25 #
",25 วัน,25 วัน,เวลา,yes,"Chali worked during the school break for a total of 2 months and 5 days. If Chali has already worked for 1 month and 10 days, how many more days does Chali need to work during the school break?",25 days.,yes
ฐิตาพร,"ปีที่แล้วมีกบอยู่ในบึง 32,650 ตัว ปีนี้มีกบเพิ่มขึ้นอีก 10,348 ตัว
รวมมีกบทั้งหมดจำนวนกี่ตัว",32650+10348,"42,998 ตัว","43,998 ตัว",จำนวน,no,"Last year, there were 32,650 frogs in the pond. This year, there was an additional increase of 10,348 frogs. In total, how many frogs are there now?","43,998 frogs.",no
ฐิตาพร,สุดใจมีแก้วน้ำ 624 ใบ จัดใส่ถาดเท่า ๆ กัน ถาดละ 24 ใบ ต้องใช้ถาดกี่ใบ,624/24,26 ใบ,26 ใบ,การแบ่งของ,yes,"There are 624 water glasses. They are to be arranged in trays, with each tray holding 24 glasses. How many trays are needed?",26 trays.,yes
ฐิตาพร,"ริบบิ้นยาว 4,500 เซนติเมตร ตัดเส้นละเท่า ๆ กัน นำไปผูกกล่องของขวัญ 36 กล่อง แต่ละกล่องใช้ริบบิ้นยาวกี่เซนติเมตร",4500/36,125 เซนติเมตร,125 เซนติเมตร,การแบ่งของ,yes,"The ribbon is 4,500 centimeters long and is cut into equal lengths to be used for tying gift boxes. There are 36 gift boxes. How long is each ribbon used for each box?",125 centimeters.,yes
ฐิตาพร,แม่ให้เงินโต้ง ธนบัตร 20 บาท 5 ใบ 100 บาท 2 ใบ 500 บาท 2 ใบ โต้งมีเงินเท่าไร,(20*5)+(100*2)+(500*2),"1,300 บาท","1,300 บาท",เงินตรา,yes,"Mother gave me money. 20 baht banknotes, 5 pieces. 100 baht banknotes, 2 pieces. 500 baht banknotes, 2 pieces. How much money did she give me?",1300 baht.,yes
ฐิตาพร,มีน้ำมันอยู่ 207 ลิตร แบ่งใส่รถยนต์คันละ 23 ลิตร แบ่งใส่รถยนต์ได้กี่คัน,207/23,9 คัน,9 คัน,การแบ่งของ,yes,"There are 207 liters of oil available, and it can be divided into each car with 23 liters. How many cars can be filled with the oil?",9 cars.,yes
ฐิตาพร,"วันแรกชาวไร่ปลูกอ้อย 5,324 ต้น วันที่สองปลูกได้มากกว่าวันแรก 1,589 ต้น วันที่สองปลูกอ้อยได้กี่ต้น",5324+1589,"6,913 ต้น","6,913 ต้น",จำนวน,yes,"On the first day, the farmers planted 5,324 sugarcane plants. On the second day, they planted 1,589 more plants than the first day. How many plants were planted on the second day in total?","6,913 plants.",yes
ฐิตาพร,คุณพ่ออ่านหนังสือวันละ 18 หน้า ในเวลา 1 สัปดาห์ คุณพ่ออ่านหนังสือได้ทั้งหมดกี่หน้า,18*7,126 หน้า,126 หน้า,จำนวน,yes,"If your father reads 18 pages of a book per day, and he reads for 1 week, you can calculate the total number of pages he reads by multiplying the number of pages read per day by the number of days?",126 pages.,yes
ฐิตาพร,"วิภาวดีทำงานบริษัทได้รับเงินเดือน ๆ ละ 17,800 บาท ในเวลา 1 ปี วิภาวดีได้รับเงินเดือนทั้งหมดกี่บาท",17800*12,"213,600 บาท","213,600 บาท",เงินตรา,yes,"Wipawadee earns a monthly salary of 17,800 baht while working at the company. In one year, how much total salary does Wipawadee receive?","213,600 baht in one year.",yes
ฐิตาพร,เวลา 1 สัปดาห์ พ่อค้าขายนมสดได้วันละ 36 กล่อง ราคากล่องละ 45 บาท พ่อค้าจะได้เงินทั้งหมดเท่าใด,(36*7)*45,"11,340 บาท","11,340 บาท",เงินตรา,yes,"In one week, a shopkeeper sells 36 boxes of fresh milk per day at a price of 45 baht per box. How much money does the shopkeeper make in total?","11,340 baht.",yes
ฐิตาพร,"ตาชัยลงทุนเลี้ยงปลาดุกเป็นเงิน 65,000 บาท ขายไป 5,980 กิโลกรัม ราคากิโลกรัมละ 35 บาท ตาชัยขายปลาดุกได้กำไรกี่บาท",(5980*35)-6500,"144,300 บาท","144,300 บาท",เงินตรา,yes,"Tachai invested 65,000 baht in raising catfish. He sold 5,980 kilograms of catfish at a price of 35 baht per kilogram. How much profit did Tachai make from selling the catfish?","144,300 baht.",yes
พิยดา,กานต์ใช้เวลาออกกำลังกายทุกวัน วันละเท่าๆกัน ใน 1 สัปดาห์เขาใช้เวลาออกกำลังกาย 12 ชั่วโมง 15 นาที กานต์ใช้เวลาออกกำลังกายวันละกี่ชั่วโมง กี่นาที,((12*60)+15)/7,1 ชั่วโมง 45 นาที,วันละ 1 ชั่วโมง 45นาที,เวลา,yes,"Kan spends time exercising every day, the same amount of time each day. In one week, he spends 12 hours and 15 minutes exercising. How many hours and minutes does Kan spend exercising each day?",1 hour and 45 minutes,yes
พิยดา,ณีซ้อมกีฬาวันละ 1 ชั่วโมง 30 นาที ในเวลา  5 วัน ณีใช้เวลาซ้อมกีฬาเท่าใด,(60+30)*5,7 ชั่วโมง 30 นาที,7 ชั่วโมง 30 นาที,เวลา,yes,"Nee practices sports for 1 hour and 30 minutes each day. If she practices for 5 days, how much time does Nee spend practicing sports?",7 hour and 30 minutes,yes
พิยดา,ช่างติดตั้งเครื่องปรับอากาศที่ห้องประชุม จำนวน 6 เครื่อง ใช้เวลา 7 ชั่วโมง 30 นาที ช่างตืดตั้งเครื่องปรับอากาศใช้เวลาโดยเฉลี่ยเครื่องละกี่ชั่วโมง กี่นาที,((7*60)+30)/6,1 ชั่วโมง 15 นาที,เฉลี่ยเครื่องละ 1 ชั่วโมง 15 นาที,เวลา,yes,"The air conditioner installer installed 6 air conditioning units in the meeting room and took 7 hours and 30 minutes. On average, how many hours and minutes did the installer take to install each unit?","The air conditioner installer installed 6 air conditioning units in the meeting room and took 7 hours and 30 minutes. On average, how many hours and minutes did the installer take to install each unit?",yes
พิยดา,จังหวัดหนึ่งมีประชากรชาย 789717 คน มีประชากรหญิงมากกว่าประชากรชาย 10748 คน  จังหวัดนี้มีประชากรหญิงกี่คน,789717+10748,800465,800465 คน,จำนวน,yes,"In this province, there are 789,717 male inhabitants, and there are 10,748 more female inhabitants than male inhabitants. How many female inhabitants are there in this province?",800465 female inhabitants,yes
พิยดา,ปีที่แล้วพ่อมีรายได้ 378000 บาท ปีนี้พ่อมีรายได้น้อยกว่าปีที่แล้ว 37500 บาท ปีนี้พ่อมีรายได้กี่บาท,378000-37500,340500,340500 บาท,เงินตรา,yes,"Last year, my father had an income of 378,000 baht. This year, his income is less than last year by 37,500 baht. How much is his income this year?",340500 Bath,yes
พิยดา,ถ้าที่ดินราคา 1500000 บาท และราคาที่ดินน้อยกว่าค่าก่อสร้างบ้าน 900000 บาท ค่าก่อสร้างบ้านราคาเท่าไหร่,1500000+900000,2400000,2400000 บาท,เงินตรา,no,"If the land is priced at 1,500,000 baht and the land price is less than the cost of building a house, which is 900,000 baht, then the cost of constructing the house can be calculated by subtracting the price of the land from the total cost of house and land.",-600000 Bath,yes
พิยดา,ปีนี้บริษัทส่งออกสินค้าได้ 534000 กล่อง ปีนี้ส่งออกได้มากกว่าปีที่แล้ว 35000 กล่อง ปีที่แล้วบริษัทส่งออกสินค้าได้กี่กล่อง,534000-35000,499000,499000 กล่อง,จำนวน,yes,"This year, the company exported 534,000 boxes, and it exported 35,000 more boxes than last year. How many boxes did the company export last year?",499000 Bath,yes
พิยดา,เดิมจิตรามีเงินอยู่ 21760 บาท วันนี้ขายทุเรียนได้อีก 139 กิโลกรัม ราคากิโลกรัมละ 47 บาท จิตรามีเงินทั้งหมดเท่าไหร่,(21760+(139*47)),28293,28293 บาท,เงินตรา,yes,"Jit has 21,760 baht. Today, she sold another 139 kilograms of durian at a price of 47 baht per kilogram. How much money does Jit have in total now?",28293 Bath,yes
พิยดา,สมพรขายเสื้อ 252 ตัว ราคาตัวละ 125 บาท นำเงินไปฝากธนาคาร 8700 บาท สมพรเหลือเงินไว้ใช้จ่ายเท่าไหร่,(252*125)-8700,22800,22800 บาท,เงินตรา,yes,"Somphorn sold 252 shirts at a price of 125 baht each. He deposited 8,700 baht in the bank. How much money does Somphorn have left for spending?",22800 Bath,yes
พิยดา,พ่อให้เช่าตึก 2 ชั้น เพื่อนการค้าขายและสำนักงาน ชั้น 1 ให้เช่าเดือนละ 25500 บาท ชั้นที่ 2 ให้เช่าเดือนละ 15800 บาท หากพ่อต้องผ่อนค่าเช่าตึกให้ธนาคารเดือนละ 34400 บาท พ่อจะต้องเพิ่มเงิน หรือ มีเงินเหลือเก็บเท่าไหร่ ,(25500+15800)-34400,6900,6900 บาท,เงินตรา,yes,"Father rents out a 2-story building for commercial and office purposes. He rents out the 1st floor for 25,500 baht per month and the 2nd floor for 15,800 baht per month. If Father has to pay the bank 34,400 baht for the building's mortgage each month, how much extra money does he need to add, or how much money does he have left to keep?",6900 Bath,yes
กฤษณพงษ์,เอ๋มีธนบัตรหนึ่งพันบาทยี่สิบใบธนบัตรห้าร้อยบาทสามใบเอ๋มีเงินเท่าใด,1000*20+3*500,21500 บาท,"21,500 บาท",เงินตรา,yes,Ae has twenty one-thousand baht bills and three five hundred baht bills. How much money does Ae have?,"421,500 baht.",no
กฤษณพงษ์,ใบเตยต้องการซื้อไอศกรีมรสช็อกโกแลตและรสวนิลาอย่างละถ้วย แต่ละถ้วยราคา 50 บาท ใบเตยจะต้องใช้เหรียญสิบบาทกี่เหรียญ,(50+50)/10,10 เหรียญ,10 เหรียญ,เงินตรา,yes,Baitoei wants to buy a cup of chocolate and vanilla ice cream. Each cup costs 50 baht. How many ten-baht coins does Baitoei need?,10 coins,yes
กฤษณพงษ์,แดงมีเงิน 12 บาท โดยทั้งหมดนั้นเป็นเหรียญ 25 สตางค์ แดงมีเหรียญทั้งหมดกี่เหรียญ,12/0.25,48 เหรียญ,48 เหรียญ,เงินตรา,yes,"Dang has 12 baht, all of which are 25 satang coins. How many coins does Dang have in total?",48 coins,yes
กฤษณพงษ์,ตี๋ได้นัดพบกับดำโดยตี๋ออกเดินทางเวลา 8.30 น. และมาถึง 45 นาทีหลังจากนั้น ดำมาเร็วกว่าตี๋ 10 นาที ดำมาถึงกี่โมง,(8+(30/60)+(45/60)-(10/60)),9.05 น.,9.05 น. ,เวลา,yes,Tee has a meeting with Dum. Tee leaves at 8.30 a.m. and arrives 45 minutes later. Dum arrived 10 minutes earlier than Tee. What time did Dum arrive?,9.05 a.m.,yes
กฤษณพงษ์,ฟ้าเก็บมะม่วงในสวนได้ 50 กิโลกรัม นำไปขายกิโลกรัมละ 40 บาท ฟ้ามีเงินสะสมก่อนหน้า 5000 บาท ปัจจุบันฟ้ามีเงินเท่าใด,(50*40)+5000,7000 บาท,"7,000 บาท",เงินตรา,yes,Fah can collect 50 kilograms of mangoes in the orchard and sell them for 40 baht per kilogram. Fah has previously accumulated 5000 baht. How much money does Fah have now?,7000 baht,yes
กฤษณพงษ์,เอกมีเงิน 300000 บาทซื้อม่านในราคา 70000 บาท ซื้อพรม ในราคา 40000 บาท เอกเหลือเงินกี่บาท,300000-(70000+40000),190000 บาท,"190,000 บาท",เงินตรา,yes,"Ek has 300,000 baht to buy a curtain for 70,000 baht and buy a rug for 40,000 baht. How many baht does Ek have left?","190,000 baht",yes
กฤษณพงษ์,กิวิ่งเป็นระยะทาง 5.25 กิโลเมตร แบ่งเป็นสามช่วงช่วงละเท่าๆ กันจะได้ระยะทางช่วงละเท่าใด,5.25/3,1.75 กิโลเมตร,≈ 1.75 กิโลเมตร,ทศนิยม,yes,"Ki ran for a distance of 5.25 kilometers, divided into three sections of equal length. How long will each sections be?",1.75 kilometers,yes
กฤษณพงษ์,แก้ว 17 ใบ ในแก้วแต่ละใบสามารถจุน้ำปริมาตร 700 มิลลิลิตร จะสามารถมีน้ำจุรวมทั้งหมดเท่าใด,17*700,11900 มิลลิลิตร,"11,900 มิลลิลิตร",ชั่งตวง,yes,"17 glasses, each glass can hold 700 ml of water, how much water can there be in total?","11,900 ml",yes
กฤษณพงษ์,มีลูกอม 3 ถุง แต่ละถุงบรรจุลูกอมจำนวน 100 เม็ด แบ่งให้เด็ก 50 คนจะได้ลูกอมคนละเท่าใด,3*100/50,6 เม็ด,6 เม็ด,การแบ่งของ,yes,"There are 3 bags of candies, each bag contains 100 candies, how much candy can each get for 50 children?",6 candies ,yes
กฤษณพงษ์,เดือนแรกเก็บเงินได้ 32500.75 บาท เดือนต่อมาเก็บได้ 35675.50 บาท ทั้งสองเดือนเก็บเงินได้กี่บาท,32500.75+35675.50,68176.25 บาท,68176.25 บาท,ระยะทาง,yes,"The first month you can save 32500.75 baht, the next month you can collect 35675.50 baht. How many baht can you save in both months?","68,176.25 baht",no
กานต์,"บ่อเลี้ยงปลาบ่อหนึ่งมีปลาทองอยู่ 10 ตัว มีปลาเงินอยู่ 20 ตัว มีปลาทองแดงอยู่ 30 ตัว อยากทราบว่าในบ่อนี้มีปลากี่ตัว
",10+20+30,60 ตัว,60 ตัว,จำนวน,yes,"In this pond, there are 10 goldfish, 20 silver fish, and 30 red goldfish. How many fish are there in total in this pond?
",60,yes
กานต์,"นักเรียนคนหนึ่งมีขนมปัง 25 ชิ้น และมีกล้วย 10 ผล แต่ถูกลิงขโมยกล้วยไป 10 ผล นักเรียนคนนี้เหลือของทั้งหมดกี่ชิ้น?

",25+10-10,25 ชิ้น,25 ชิ้น,จำนวน,yes,"
One student has 25 pieces of bread and 10 bananas. However, a monkey stole 10 bananas. How many items are left in total for this student?",25 items,yes
กานต์,"หากมีรูปหกเหลี่ยม มีความยาวด้านแต่ละด้านคือ 8 นิ้ว จงหาเส้นรอบรูปของรูปหกเหลี่ยมนี้
",8*6,48 นิ้ว,48 นิ้ว,เรขาคณิตสองมิติ,yes,"If there is a hexagon with each side measuring 8 inches, find the perimeter of this hexagon.",48 inches,yes
กานต์,"นักเรียนคนหนึ่งต้องการซื้อหนังสือ 2 เล่มราคาเล่มละ 45 บาท และอยากซื้อดินสอ 5 ด้ามราคาด้ามละ 10 บาท นักเรียนคนนี้จะต้องจ่ายเงินทั้งสิ้นเท่าไหร่?
",45*2+5*10,140 บาท,140 บาท,เงินตรา,yes,"
One student wants to buy 2 books, each priced at 45 baht, and also wants to buy 5 pencils, priced at 10 baht each. How much money does the student need to pay in total?",140 baht.,yes
กานต์,"กีฬาบาสเก็ตบอลมีทีมนึงทำแต้มได้ 100 แต้ม โดยเป็นแต้มจากการทำ 2 คะแนนทั้งหมด อยากทราบว่ามีการทำคะแนนได้ทั้งหมดกี่ครั้ง
",100/2,50 ครั้ง,50 ครั้ง,จำนวน,yes,"
In basketball, there is a team that scored 100 points, all from making 2-point baskets. How many times did they score?",50 times,yes
กานต์,"ในหนึ่งวันกฤษวิ่งรอบสนามบาสเก็ตบอลได้ 10 รอบ ถ้ากฤษวิ่งไปแล้ว 10 วัน อยากทราบว่าในวันที่ 5 กฤษวิ่งไปแล้วกี่รอบ
",10*5,50 รอบ,15 รอบ,จำนวน,no,"
On one day, Krit ran 10 laps around the basketball court. If Krit has been running for 10 days, how many laps has he run on the 5th day?",10 laps,no
กานต์,"พีทมีลูกเต๋าที่มี 8 หน้า โดยสามารถ ออกหน้า หนึ่งถึงแปด แต่ละหน้ามีโอกาสออกเท่าๆกัน อยากทราบว่าความน่าจะเป็นที่พีททอยลูกเต๋าได้หน้า 8 เป็นเท่าไร
",1/8,0.125,0.125,ความน่าจะเป็น,yes,"Pete has a dice with 8 faces, ranging from one to eight. Each face has an equal chance of being rolled. What is the probability of Pete rolling an 8?",1/8 or 0.125.,yes
กานต์,"ในการสอบมีนักเรียน 5 คน แต่ละคนทำคะแนนได้ 5,10,15,20,25 ตามลำดับ อยากทราบว่าในการสอบครั้งนี้มีคะแนนเฉลี่ยเป็นเท่าไร
",(5+10+15+20+25)/5,15 คะแนน,15 คะแนน,สถิติ,yes,"In the exam, there are 5 students, and each student scored 5, 10, 15, 20, and 25, respectively.",15,yes
กานต์,"ตอนมื้อเช้า สมกฤษกินข้าวไป 100 บาท กินขนมอีก 100 บาท อยากทราบว่าสมกฤษกินน้ำไปกี่บาท ถ้าสมกฤษจ่ายเงินไปทั้งหมด 300 บาทในมื้อนี้  
",300-(100+100),100 บาท,100 บาท,เงินตรา,yes,"In the morning, Somkrap spent 100 baht on rice and another 100 baht on snacks. If he paid a total of 300 baht for this meal, how much did Somkrap spend on drinking water?",100 baht,yes
กานต์,"นายจิตหลอนซื้อยาแก้ปวด 100 ขวด แต่ละขวดราคา 100 บาท อยากทราบว่านายจิตหลอนต้องจ่ายเงินให้ร้านขายยากี่บาท
",100*100,10000 บาท,10000 บาท,เงินตรา,yes,"Mr. Jitlorn is buying 100 bottles of pain reliever, and the price of each bottle is 100 baht.","10,000 baht",yes
ภัทรธร,"รถจักรยานยนต์ราคามากกว่าเครื่องซักผ้า 25,000  บาท ถ้าเครื่องซักผ้าราคา 16,000 บาท รถจักรยานยนต์ราคาเท่าใด","16,000 + 25,000 ","41,000 บาท","41,000 บาท",เงินตรา,yes,"A motorcycle costs 25,000 Baht more than a washing machine. If the washing machine costs 16,000 Baht, how much does the motorcycle cost?","41,000 baht",yes
ภัทรธร,"บริษัทไปรษณีย์ไทยผลิตแสตมป์ชุดมรดกโลก ซึ่งสแตมป์ 1 ชุดมี 40 ดวง ถ้าจิราพรซื้อสแตมป์ชุดมรดกโลก 1,245 ชุด จิราพรจะมีสแตมป์ทั้งหมดกี่ดวง","1,245 * 45","49,800 ดวง","49,800 ดวง",จำนวน,yes,"Thailand Post Company produces a set of global heritage stamps. In one set, there are 40 stamps. If Jiraporn buys 1,245 sets of global heritage stamps, how many stamps will Jiraporn have in total?","49,800 stamps",yes
ภัทรธร,โจ้รวบรวมเงินจากเพื่อนได้ 992 บาท นำไปซื้อตั๋วรถไฟได้ 16 ใบ ตั๋วราคาใบละกี่บาท,992 / 16,62 บาท,62 บาท,เงินตรา,yes,Joe collected 992 baht from his friends. He used the money to buy 16 train tickets. How much does each train ticket cost?,62 baht,yes
ภัทรธร,"วันนี้เก่งขับมอเตอร์ไซต์รับจ้างมีรายได้ 1,680 บาท ค่าโดยสารเฉลี่ยเที่ยวละ 35 บาท วันนี้เก่งขับมอเตอร์ไซค์รับจ้างกี่เที่ยว","1,680 / 35",48 เที่ยว,48 เที่ยว,เวลา,yes,"Today, Keng, a motorcycle taxi driver, earned 1,680 baht. The average fare per trip is 35 baht. How many trips did Keng make today?",48 trips,yes
ภัทรธร,"ปีที่แล้วมีกบอยู่ในบึง 32,650 ตัว ปีนี้มีกบเพิ่มขึ้นอีก 10,348 ตัว
รวมมีกบทั้งหมดจำนวนกี่ตัว","32,650 + 10,348","42,998 ตัว","43,998 ตัว",การแบ่งของ,no,"Last year, there were 32,650 frogs in the pond. This year, there are 10,348 more frogs. How many frogs are there in total?","43,998 frogs",no
ภัทรธร,"น้ามีเงิน 14,000 บาท ซื้อเครื่องซักผ้าราคา 8,500 บาท นำเงินที่เหลือไปแบ่งให้หลาน 5 คน คนละเท่าๆกัน หลานจะได้เงินคนละกี่บาท","(14,000-8,500) / 5","1,100 บาท","1,100 บาท",เงินตรา,yes,"Aunty has 14,000 baht. She buys a washing machine for 8,500 baht. She then divides the remaining money equally among her 5 grandchildren. How much money will each grandchild receive?"," 1,100 baht",yes
ภัทรธร,"เดิมวิชิตมีเงิน 15,600 บาท ขายเสื้อผ้าได้ 35 ตัว ราคาตัวละ 175 บาท วิชิตมีเงินทั้งหมดเท่าไหร่","15,600 + (35*175)","21,725 บาท","21,725 บาท",เงินตรา,yes,"Originally, Wichit had 15,600 baht. He sold 35 pieces of clothing at a price of 175 baht per piece. How much money does Wichit have now?","21,725 baht",yes
ภัทรธร,น้ำตาลทราย 294 กิโลกรัม แบ่งใส่ถุง ถุงละ 3 กิโลกรัม ถ้าขายน้ำตาลทรายถุงละ 72 บาท จะได้เงินทั้งหมดกี่บาท,(294/3) * 72,"7,056 บาท","7,056 บาท",เงินตรา,yes,"There are 294 kilograms of sugar. They are packed into bags, with each bag containing 3 kilograms. If each bag of sugar is sold at 72 baht, how much money will be earned in total?","7,056 baht",yes
ภัทรธร,"มีน้ำผึ้งอยู่ 65,976 มิลลิกรัม และมีน้ำหวาน 89,680 มิลลิกรัม อยากทราบว่าน้ำผึ้งและน้ำหวานหนักต่างกันเท่าไหร่","89,680 - 65,976","23,704 มิลลิกรัม","23,704 มิลลิกรัม",ชั่งตวง,yes," There are 65,976 milligrams of honey and 89,680 milligrams of syrup. I want to know the weight difference between honey and syrup.","23,704 milligrums",yes
ภัทรธร,เจี๊ยบออกกำลังกายบนลู่วิ่งทุกวันวันละ 50 นาที เป็นเวลา 3 สัปดาห์ 3 วัน เจี๊ยบใช้เวลา ออกกำลังกายทั้งหมดเท่าใด,(24*50) / 60,20 ชั่วโมง,20 ชั่วโมง,เวลา,yes,"Jeab exercises on a treadmill every day for 50 minutes. He does this for 3 weeks and 3 days. How much time, in total, does Jib spend exercising?",20 hours,yes
ภัทรธร,"ลุงชัยขายข้าวได้เงิน 174,550 บาท ขายข้าวโพดได้เงินน้อยกว่าขายข้าว 29,461 บาท  ลุงชัยขายข้าวโพดได้เงินกี่บาท","x = 174,550 - 29,461","145,089 บาท","145,089 บาท",เงินตรา,yes,"Uncle Chai earned 174,550 baht from selling rice. He earned 29,461 baht less from selling corn than from selling rice. How much did Uncle Chai earn from selling corn?","145,089 bath",yes
ภัทรธร,"ร้านค้าสั่งน้ำดื่มมาขาย  2,720 ขวด โดยขายไปขวดละ 39 บาท ถ้าขายหมดร้านค้าจะได้เงินเท่าไร","2,720 * 39","105,360 บาท","105,360 บาท",เงินตรา,yes,"A shop ordered 2,720 bottles of water to sell, priced at 39 baht per bottle. If they sell all the bottles, how much money will the shop earn?","105,360 bath",yes
ภัทรธร,"นารีมีข้าวสาร 1,320 กิโลกรัม บรรจุลงในกระสอบ กระสอบละ 24 กิโลกรัม จะได้กี่กระสอบ","1,320 / 24",55 กระสอบ,55 กระสอบ,จำนวน,yes,"Nari has 1,320 kilograms of rice. She packages it into bags, with each bag containing 24 kilograms. How many bags will she have?",55 bags,yes
ภัทรธร,"พ่อค้ามีน้ำตาลทรายแดงอยู่ 66,542 กิโลกรัม มีน้ำตาลทรายแดงน้อยกว่า 
น้ำตาลทรายขาวอยู่ 4,879 กิโลกรัม พ่อค้ามีน้ำตาลทรายขาวกี่กิโลกรัม","66,542 - 4,879","61,663 กิโลกรัม","61,663 กิโลกรัม",ชั่งตวง,yes,"The shopkeeper has 66,542 kilograms of brown sugar. He has 4,879 kilograms less brown sugar than white sugar. How many kilograms of white sugar does the shopkeeper have?","61,663 kilograms",yes
ภัทรธร,"พ่อมีเงิน 25,000 บาท  แม่มีเงิน 35,000 บาท นำไปซื้อ คอมพิวเตอร์ 45,000  บาท  พ่อกับแม่เหลือเงินเท่าไร","(25,000 + 35,000) - 45,000","15,000 บาท","15,000 บาท",เงินตรา,yes,"Dad has 25,000 baht, and Mom has 35,000 baht. They spent 45,000 baht to buy a computer. How much money do Dad and Mom have left?","15,000 bath",yes
ภัทรธร,"นงลักษณ์มีลูกปัด 1,255 เม็ด สุมาลีมีลูกปัด 1,685 เม็ด นำมารวมกันเพื่อแบ่งใส่ถุง ถุงละ 60 เม็ด จะใส่ได้กี่ถุง","(1,255 + 1,685) / 60",49 ถุง,49 ถุง,จำนวน,yes,"Nonglak has 1,255 marbles, while Sumanee has 1,685 marbles. They want to combine them and divide them into bags, with each bag containing 60 marbles. How many bags can they fill?",49 bags,yes
ภัทรธร,"เก่ง, เกม และก้อย ไปเก็บแอปเปิล ได้คนละ ได้คนละ 5 ลูก, 7 ลูก และ 3 ลูก ตามลำดับ ถ้านำมาแบ่งให้เท่าๆ กันจะได้คนละกี่ลูก","หาได้โดยหาหรมส่วนของจำนวนแอปเปิลทั้งสามคน 
ห.ร.ม.ส่วนของ 5, 7 และ 3 คือ 1 เนื่องจาก 1 เป็นตัวหารร่วมทั้งสามจำนวนนี้",1 ลูก,1 ลูก,จำนวน,yes,"Keng, Game, and Goy went apple-picking and each of them collected 5 apples, 7 apples, and 3 apples, respectively. If they want to divide them equally among themselves, how many apples will each of them get?",1 apple,yes
ภัทรธร,สุดาไปเล่นเกมจับฉลากได้ขนมมา 3 ห่อ  ดังนี้  ห่อที่หนึ่งมีขนม 60 ชิ้น ห่อที่สองมีขนม 55  ชิ้น ห่อที่สามมีขนม 65 ชิ้น สุดาได้ขนมเฉลี่ยแล้วห่อละกี่ชิ้น,(60 + 55 + 65) / 3,60 ชิ้น,60 ชิ้น,จำนวน,yes,"Suda played a game of lucky draw and won snacks. She received 3 packages of snacks as follows: the first package had 60 pieces of snacks, the second package had 55 pieces, and the third package had 65 pieces. On average, how many pieces of snacks did Suda receive in each package?",60 pieces,yes
ภัทรธร,สมคิดและน้องชายอีก 2 คนไปรับจ้างล้างจานในห้องอาหาร นอกจากค่าจ้างรายชั่วโมงแล้วได้ทิปจากลูกค้าดังนี้คือ  สมคิดได้ 150 บาท น้องคนที่1 ได้ 125 บาท น้องคนเล็กได้ 175 บาท ทั้งสามนำเงินรวมกันและเฉลี่ยแบ่งกัน จะได้คนละกี่บาท,(150 + 125 + 175) / 3,150 บาท,150 บาท,เงินตรา,yes,"Somkit and his two younger brothers took a dishwashing job in a dining room. In addition to their hourly wage, they received tips from customers as follows: Somkit received 150 baht, the first brother received 125 baht, and the youngest brother received 175 baht. They pooled their money together and divided it equally. How much did each of them receive?",150 bath,yes
ภัทรธร,"ฉันมีเงิน 95,000 บาท ซื้อเตียงราคา 8,500 บาท ซื้อที่นอนราคา 4,200 บาท  แม่จะเหลือเงินเท่าไร","95,000 - (8,500 + 4,200)","82,300 บาท","82,300 บาท",เงินตรา,yes,"I have 95,000 baht. I bought a bed for 8,500 baht and a mattress for 4,200 baht. How much money will my mom have left?","82,300 bath",yes
ภัทรธร,ร้านค้ามีสมุด 368 เล่ม  ซื้อมาเพิ่มอีก 200 เล่ม ขายไปเล่มละ 15 บาท  ถ้าขายหมดร้านค้าจะได้เงินเท่าไร,(368 + 200) * 15,"8,520 บาท","8,520 บาท",เงินตรา,yes," The store has 368 books. They bought an additional 200 books. If they sell each book for 15 baht, how much money will the store make if they sell all the books?","8,520 bath",yes
ภัทรธร,"แก้วมีลูกปัด 1,255 เม็ด สุมาลีมีลูกปัด 2,685 เม็ด นำมารวมกันเพื่อแบ่งใส่ถุง ถุงละ 60 เม็ด จะใส่ได้กี่ถุง","(1,255 + 2,685) / 60",66 ถุง,66 ถุง,จำนวน,yes,"Kaew has 1,255 marbles, while Sumali has 2,685 marbles. They want to combine them and divide them into bags, with each bag containing 60 marbles. How many bags can they fill?",66 bags,yes
ภัทรธร,แม่ค้าขายส้มโอ  175 ผล  ราคาผลละ 25 บาท  ขายทุเรียน 135 กิโลกรัม  ราคากิโลกรัมละ 35 บาท  แม่ค้าขายผลไม้ได้เงินทั้งหมดเท่าไร,(175*25) + (135*35),"9,100 บาท","9,100 บาท",เงินตรา,yes,The fruit vendor sells 175 oranges at a price of 25 baht per orange and 135 kilograms of durian at a price of 35 baht per kilogram. How much money does the fruit vendor earn in total?,"9,100 bath",yes
ภัทรธร,"ร้านค้ามีสมุด 4,368 เล่ม  ซื้อมาเพิ่มอีก 2,200 เล่ม ขายไปเล่มละ 15 บาท  ถ้าขายหมด ร้านค้าจะได้เงินเท่าไร","(4,368 + 2,200) * 15","98,520 บาท","98,520 บาท",เงินตรา,yes,"The store has 4,368 books. They bought an additional 2,200 books. If they sell each book for 15 baht, how much money will the store make if they sell all the books?","98,520 bath",yes
ภัทรธร,ถังเก็บข้าวสารใบหนึ่งจุ 550 ลิตร อีกใบหนึ่งจุเป็น 3 เท่าของใบแรก  มีข้าวสารเก็บทั้งสองใบ นำข้าวสารไปแจกผู้ประสบภัยน้ำท่วม 50 ครอบครัว ครอบครัวละเท่าๆ กัน แต่ละครอบครัวจะได้ข้าวสารเท่าไร,((550*3) + 550) / 50,44 ลิตร,44 ลิตร,ชั่งตวง,yes,There is one rice storage tank that can hold 550 liters of rice. Another tank can hold three times as much as the first one. They have rice stored in both tanks and plan to distribute it to 50 flood-affected families. Each family will receive an equal amount of rice. How much rice will each family receive?,44 liter,yes
ภัทรธร,เชือกเส้นหนึ่งยาว 10 เมตร 75 เซนติเมตร ถ้าแบ่งเชือกเป็น 5 เส้นเท่าๆ กัน จะได้เชือกยาวเส้นละกี่เมตร,หารยาว   5 ) 10   75,2 เมตร 15 เซนติเมตร,2 เมตร 15 เซนติเมตร,พื้นที่,yes,"There is a rope that is 10 meters and 75 centimeters long. If it is divided into 5 equal pieces, how long will each piece of the rope be in meters?",2 meters 15 centimeters,yes
ภัทรธร,"ร้านค้าแห่งหนึ่งขายเครื่องซักผ้าได้ 7 เครื่อง ถ้าเครื่องซักผ้าราคาเครื่องละ 13,599 บาท ร้านค้าแห่งนี้ขายเครื่องซักผ้าได้เงินกี่บาท","13,599 * 7","95,193 บาท","95,193 บาท",เงินตรา,yes,"One store sells washing machines and has sold 7 machines. If the price of each washing machine is 13,599 baht, how much money did this store make from selling washing machines?","95,193 bath",yes
ภัทรธร,ถ้าขณะนี้เวลา 20 นาฬิกา 30 นาที อีกกี่ชั่วโมงถึงจะเป็นเวลา 6 นาฬิกา,"จาก 20.30 น. ถึง 24.00 น. เป็นเวลา 3 ชั่วโมง 30 นาที,จาก 24.00 น. ถึง 06.00 น. เป็นเวลา 6 ชั่วโมง,ดังนั้น จากเวลา 20.30 น. ถึง 06.00 น.",9 ชั่วโมง 30 นาที,9 ชั่วโมง 30 นาที,เวลา,yes,"If it is currently 20 hours and 30 minutes, how many more hours until it is 6 o'clock?",9 hour 30 minute,yes
ภัทรธร,พ่อค้าขายหมอนข้างได้ 82 ใบ ราคาใบละ 265 บาท ขายผ้าห่มได้ 33 ผืน ราคาผืนละ 399 บาท พ่อค้าขายหมอนข้างได้เงินมากกว่าขายผ้าห่มกี่บาท,(82*265) – (33*399),"8,563 บาท","8,563  บาท",เงินตรา,yes,"The shopkeeper sold 82 pillowcases, each priced at 265 baht, and 33 blankets, each priced at 399 baht. How much more money did the shopkeeper earn from selling pillowcases than from selling blankets?","8,563 bath",
ภัทรธร,น้ำส้มสายชูขวดใหญ่มีปริมาตร 8 ลิตร 450 มิลลิลิตร  และน้ำปลาขวดใหญ่มีปริมาตร  6 ลิตร 500  มิลลิลิตร  นำน้ำส้มสายชูและน้ำปลามาแบ่งใส่ขวดเล็กขวดละ 65 ลูกบาศก์เซนติเมตร จะแบ่งได้ทั้งหมดกี่ขวด,"((8*1,000)+450)/65 + ((6*1,000)+500)/65",230 ขวด,230 ขวด,จำนวน,yes,"Orange sauce has a volume of 8 liters 450 milliliters in a large bottle, and fish sauce has a volume of 6 liters 500 milliliters in a large bottle. The sauces are to be divided into small bottles, each with a volume of 65 cubic centimeters. How many small bottles can be filled in total?",230 bottles,yes
ไอริณ,"โรงงานแห่งหนึ่งผลิตรองเท้าผู้ชายได้ 58,680 คู่ ซึ่งมากกว่าผลิตรองเท้าผู้หญิง 3,120 คู่ โรงงานแห่งนี้ผลิตรองเท้าผู้หญิงได้กี่คู่",58680 - 3120,55560 คู่,55560 คู่,จำนวน,yes,"The factory produces 58,680 pairs of men's shoes, which is more than the 3,120 pairs of women's shoes. How many pairs of women's shoes does the factory produce?","55,560 pairs",yes
ไอริณ,อ้อยมีเงินฝากในธนาคาร 235000 บาท ออมมีเงินฝาก 176000 บาท อ้อยมีเงินฝากธนาคารมากกว่าออมกี่บาท,235000 - 176000,59000 บาท,59000 บาท,เงินตรา,yes,"Aoi has a bank deposit of 235,000 baht, and Aom has a savings deposit of 176,000 baht. How much more money does Aoi have in the bank than Aom?","59,000 baht",yes
ไอริณ,ฟาร์มแห่งหนึ่งเลี้ยงไก่ 38200 ตัว เลี้ยงเป็ด 28670 ตัว ต่อมาไก่และเป็ดออกจากไข่มาอีก 12800 ตัว รวมแล้วฟาร์มแห่งนี้มีไก่และเป็ดรวมกันกี่ตัว,38200 + 28670 + 12800,79670 ตัว,79670 ตัว,จำนวน,yes,"One farm raises 38,200 chickens and 28,670 ducks, and after hatching, there are another 12,800 chickens and ducks. In total, how many chickens and ducks are there on the farm?","92,470 chickens and ducks ",no
ไอริณ,บ้านราคาหลังละ 1786000 บาท ที่ดินราคา 570000 บาท บ้านราคาแพงกว่าที่ดินกี่บาท,1786000 - 570000,1216000 บาท,1216000 บาท,เงินตรา,yes,"The house is priced at 1,786,000 baht, and the land is priced at 570,000 baht. How much more expensive is the house than the land?","1,216,000 baht",yes
ไอริณ,พ่อมีเงินอยู่ 276000บาท ต้องการซื้อรถยนต์ราคา 518000 บาท พ่อต้องหาเงินเพิ่มอีกกี่บาท,518000 - 276000,242000 บาท,242000 บาท,เงินตรา,yes,"Father has 276,000 baht and wants to buy a car priced at 518,000 baht. How much more money does Father need to find?","242,000 baht",yes
ไอริณ,ขายที่ดินได้ค่านายหน้า 27000 บาท นำไปฝากธนาคารซึ่งมีเงินอยู่ในบัญชีแล้ว 48500 บาท มีเงินรวมทั้งหมดกี่บาท,27000 + 48500,75500 บาท,75500 บาท,เงินตรา,yes,"After selling the land and receiving a commission of 27,000 baht, the money was deposited into the bank, which already had 48,500 baht in the account. What is the total amount of money now?","75,500 baht",yes
ไอริณ,ฝรั่งราคากิโลกรัมละ 35 บาท ขายฝรั่งได้ 35 กิโลกรัมจะได้เงินทั้งหมดกี่บาท,35 * 35,1225 บาท,1225 บาท,เงินตรา,yes,"The price of guava is 35 baht per kilogram, and if you sell 35 kilograms of guava, how much money will you receive in total?",1225 baht,yes
ไอริณ,ห้องประชุมแห่งหนึ่งมีเก้าอี้ 23 แถว แถวหนึ่งมี 32 ตัว ห้องประชุมนี้มีเก้าอี้กี่ตัว,23 * 32,736 ตัว,736 ตัว,จำนวน,yes,"In one conference room, there are 23 rows of chairs, and each row has 32 chairs. How many chairs are there in total in this conference room?",736 chairs,yes
ไอริณ,มังคุดราคากิโลกรัมละ 35 บาท ซื้อมังคุดมา 15 กิโลกรัม จะต้องจ่ายเงินทั้งหมดกี่บาท,35 * 15,525 บาท,525 บาท,เงินตรา,yes,The price of mangosteen is 35 baht per kilogram. Buy 15 kilograms of mangosteen. How many baht do you have to pay in total?,525 baht,yes
ไอริณ,ขายรองเท้าคู่ละ 99 บาท ได้เงินทั้งหมด 32175 บาท ขายรองเท้าไปทั้งหมดกี่คู่,32175 / 99,325 คู่,325 คู่,จำนวน,yes,"If you sell each pair of shoes for 99 baht and have earned a total of 32,175 baht, the number of pairs of shoes sold?",325 pairs,yes
กานต์ธิดา ,นักเรียนซื้ออุปกรณ์ที่ใช้ในวิชาศิลปะ ดังนี้ กระดาษปอนด์ ราคา 20.50 บาท ชุดพู่กัน ราคา 140.50 บาท และชุดสีน้ำ ราคา 340.75 บาท นักเรียนจะต้องจ่ายเงินทั้งหมดกี่บาท,20.50+140.50+340.75,501.75 บาท,501.75 บาท,การบวกทศนิยม,yes,"The student purchased art supplies as follows: Pound paper priced at 20.50 baht, an apron set priced at 140.50 baht, and a watercolor set priced at 340.75 baht. How much does the student have to pay in total?",501.75 Bath,yes
กานต์ธิดา ,แม่พลอยวัดส่วนสูงของลูกชายสองคน อ้นสูง 145.50 เซนติเมตร อ๊อดสูงกว่าอ้น 10.5 เซนติเมตร อ๊อดสูงกี่เซนติเมตร,145.50+10.50,156 เซนติเมตร,156 เซนติเมตร,ทศนิยม,yes,"Mother Ploy measured the heights of her two sons. An is 145.50 centimeters tall, and Aod is taller than An by 10.5 centimeters. How tall is Aod?",156 centimeters,yes
กานต์ธิดา ,นักเขียนคนหนึ่งเขียนหนังสือ 1 ชุด มีทั้งหมด 3 เล่ม หนังสือเล่มแรกมี 150 หน้า เล่มที่ 2 มี 230 หน้า และเล่มที่่ 3 มี 120 หน้าา หนังสือชุดนี้มีจำนวนหน้าทั้งหมดกี่หน้า,150+230+120,500 หน้า,500 หน้า,จำนวน,yes,"One author wrote a book series, consisting of 3 volumes. The first volume has 150 pages, the second volume has 230 pages, and the third volume has 120 pages. How many pages are there in total for this book series?",500 pages,yes
กานต์ธิดา ,"ชาวนาขายข้าวหอมมะลิได้ 50,000 บาท ขายข้าวไรซ์เบอร์รี่ได้น้อยกว่าข้าวหอมมะลิ 13,600 บาท ชาวนาคนนี้ขายข้าวไรซ์เบอร์รี่ได้เท่าไร",50000-13600,"36,400 บาท","36,400 บาท",เงินตรา,yes,"The farmer sold jasmine rice for 50,000 baht and sold basmati rice for less than jasmine rice, earning 13,600 baht. How much did the farmer earn from selling basmati rice?","36,400 baht",yes
กานต์ธิดา ,ผลไม้หนัก 3/10 กิโลกรัม ใส่ตะกร้าซึ่งหนัก 1/2 กิโลกรัม เมื่อนำไปชั่งรวมกันจะมีน้ำหนักกี่กิโลกรัม,0.3+0.5 หรือ 3/10+(1/2)*5,0.8 กิโลกรัม,0.8 กิโลกรัม,จำนวน,yes,"The fruits weigh 3/10 kilograms, and when placed in the basket, the basket itself weighs 1/2 kilogram. When they are weighed together, what is the total weight in kilograms?",0.8 kilograms,yes
กานต์ธิดา ,"มานีมีเงินฝากธนาคาร 20,450.84 บาท มานะมีเงินฝากในธนาคาร 712.52 บาท มานีและมานะมีเงินฝากรวมกันทั้งหมดกี่บาท",20450.84+712.52,"21,163.36 บาท","21,163.36 บาท",การบวกทศนิยม,yes,"Marni has a bank deposit of 20,450.84 baht, and Mana has a bank deposit of 712.52 baht. What is the total amount of money that Marni and Mana have together?","21,163.36 baht",yes
กานต์ธิดา ,ครูแบ่งส้มทั้งหมด 960 ผล ให้นักเรียน 80 คน คนละเท่า ๆ กัน จะได้คนละกี่ผล,960/80,12 ผล,12 ผล,การแบ่งของ,yes,The teacher divided all 960 oranges among 80 students equally. How many oranges will each student get?,12 oranges,yes
กานต์ธิดา ,"ครูซื้อพัดลมติดอาคารเรียน 22ตัว ราคาตัวละ 1,150 บาท ครูต้องใช้เงินทั้งหมดเท่าใด",22*1150,"25,300 บาท","25,300 บาท",เงินตรา,yes,"The teacher bought 22 fans to install in the school building, and the price for each fan is 1,150 baht. How much money does the teacher need to spend in total?","25,300 baht",yes
กานต์ธิดา ,"ชาวสวนเก็บมะม่วง 1,750 กิโลกรัม นำมาจัดใส่เข่ง เข่งละ 25 กิโลกรัม จะได้กี่เข่ง",1750/25,70 เข่ง,70 เข่ง,จำนวน,yes,"The fruit pickers collected 1,750 kilograms of mangoes and packed them into baskets, with each basket weighing 25 kilograms. How many baskets did they get?",70 baskets,yes
กานต์ธิดา ,โรงงานแห่งหนึ่งรับเย็บเสื้อให้ลูกค้าจำนวนหนึ่งโดยเย็บได้วันละ120ตัว เป็นเวลา5วัน โรงงานแห่งนี้เย็บเสื้อให้ลูกค้าได้กี่ตัว,120*5,600 ตัว,600 ตัว,จำนวน,yes,"One factory accepts an order to sew shirts for a customer. They can sew 120 shirts per day, and it takes 5 days to complete the order. How many shirts can this factory sew for the customer?",600 shirts,yes
ภทรชล,"ชายคนหนึ่งซื้อไก่จำนวนสิบตัวราคา 21,000 บาท พ่อค้าลดราคาให้ 3,500 บาท ชายคนนั้นจะต้องจ่ายเงินให้พ่อค้าเท่าไร",21000-3500,"17,500 บาท","17,500 บาท",เงินตรา,yes,"A man bought ten chickens for 21,000 baht. The merchant reduced the price to 3,500 baht. The man still had to pay the merchant.","17,500 baht",yes
ภทรชล,แม่ต้องซื้อไข่มาทำขนม ซึ่งขนม 1 ชิ้น ต้องใช้ไข่ 3 ฟอง ถ้าแม่ต้องการทำขนม 34 ชิ้น และตอนนี้มีไข่อยู่แล้ว 68 ฟอง แม่ต้องซื่อไข่เพิ่มอีกกี่ฟอง,(34*3) - 68,34 ฟอง,34 ฟอง,จำนวน,yes,"Mom has to buy eggs to make snacks. One snack requires 3 eggs. If mom wants to make 34 snacks and now she has 68 eggs, how many more eggs must she buy?",34 more eggs,yes
ภทรชล,มนทำขนมวันละ 45 ชิ้น นำไปขายชิ้นละ 5 บาท มนขายขนมหมดทุกวัน ในหนึ่งอาทิตย์  มนจะได้เงินทั้งหมดกี่บาท,45*5*7,"1,575 บาท","1,575 บาท",เงินตรา,yes,Mon makes 45 pieces of sweets a day and sells them for 5 baht each. Mon sells all the sweets every day. in a week How many baht will Mon get?,"1,575 baht",yes
นันทมารถ,"ชายชราต้องการซื้อลาจำนวนสิบตัวราคา 21,000 บาท แต่มีเงินเพียง 17,500 บาท ชายชราต้องหาเงินเพิ่มอีกเท่าไร","21,000-17,500","3,500 บาท","3,500 บาท",เงินตรา,yes,"A man wishes to buy ten horses priced at 21,000 baht, but he only has 17,500 baht. How much more money does the man need to find?","3,500 baht more.",yes
นันทมารถ,"อาหารของเต่าทองหนัก 89,680 มิลลิกรัม อาหารของผึ้งน้อยหนัก 65,976 มิลลิกรัม อาหารของเต่าทองและอาหารของผึ้งน้อยหนักทั้งหมด กี่มิลลิกรัม",89680+65976,"155,656 มิลลิกรัม","155,656 มิลลิกรัม",ชั่งตวง,yes,"The food of the tortoise weighs 89,680 milligrams, and the food of the little bee weighs 65,976 milligrams. How many milligrams does all the food of the tortoise and the little bee weigh?","155,656 milligrams",yes
นันทมารถ,"วันนี้ลาแกล้งล้มท าเกลือหกในล าธาร 5,760 กิโลกรัม ซึ่งน้อยกว่า เมื่อวานอยู่ 1,470 กิโลกรัม เมื่อวานลาท าเกลือหกกี่กิโลกรัม","5,760 + 1,470","7,230 กิโลกรัม","4,290 กิโลกรัม",ชั่งตวง,no,"Today donkey fell down and spilled 5,760 kilograms of salt in the stream, which is less than Yesterday was 1,470 kilograms. How many kilograms of salt did the donkey spill yesterday?","1,470 kilograms",no
นันทมารถ,"มีน้ าผึ้งอยู่ 65,976 มิลลิกรัม และมีน้ าหวาน 89,680 มิลลิกรัม อยากทราบว่าน้ าผึ้งและน้ าหวานหนักต่างกันเท่าไ",89680   -   65976,"23,704มิลลิกรัม","23,704 มิลลิกรัม",เงินตรา,yes,"There is 65,976 milligrams of honey and 89,680 milligrams of syrup. I would like to know the difference in weight between honey and syrup","23,704 milligrams.",yes
นันทมารถ,"เต่าทองบินกลับรังเป็นระยะทาง 3,560 เมตร ถ้าหากผึ้งน้อยบินมา หาเต่าทองโดยบินอ้อมไป 790 เมตร ผึ้งน้อยบินมาหาเต่าทองเป็นระยะทาง เท่าไร","3,560 + 790","4,350 เมตร","2,770 เมตร",ระยะทาง,no,"The ladybug flew back to the nest a distance of 3,560 meters. If a bee makes a detour and flies 790 meters toward a ladybug, How far did the little bee fly to the ladybug?",790 meter,no
นันทมารถ,"วันแรกพ่อค้าขี่ลาเพื่อไปซื้อเกลือ 9,465 กิโลกรัม วันที่สองซื้อน้อย กว่าวันแรกอยู่ 1,395 กิโลกรัม วันที่สองพ่อค้าซื้อเกลือมาเท่าไ","9,465 – 1,395","8,070กิโลกรัม
","8,070 กิโลกรัม",ชั่งตวง,yes,"On the first day, the merchant rode a donkey to buy 9,465 kilograms of salt. On the second day, he bought less than the first day by 1,395 kilograms. How much salt did the merchant buy on the second day?","8,070 kilograms",yes
นันทมารถ,"ลาแบกเกลือหนัก 8,070 กิโลกรัม ต่อมาได้ท าเกลือหกละลายไปกับ น้ า 5,760 กิโลกรัม ยังเหลือเกลือบนหลังลาอีกกี่กิโลกรัม","8,070 – 5,760","2,310กิโลกรัม","2,310 กิโลกรัม",ชั่งตวง,yes,"The donkey carried 8,070 kilograms of salt, and later, it dissolved in 5,760 kilograms of water. How many kilograms of salt are left on the donkey's back?","2,310 kilograms",yes
นันทมารถ,"ปีที่แล้วมีกบอยู่ในบึง 32,650 ตัว ปีนี้มีกบเพิ่มขึ้นอีก 10,348 ตัว รวมมีกบทั้งหมดจ านวนกี่ตัว","32,650 + 10,348","42,998 ตัว","43,998 ตัว",จำนวน,yes,"In the past year, there were 32,650 frogs in the pond. This year, an additional 10,348 frogs have appeared. In total, how many frogs are there now?","43,998 frogs",yes
นันทมารถ,"ชายชราเดินทางไปซื้อลาเป็นระยะทาง 6,700 เมตร และเดินทางไป หาเพื่อนอีก 5,345 เมตร ชายชราเดินทางทั้งหมดกี่เมตร","6,700 + 5,345","12,045 เมตร","12,045 เมตร",ระยะทาง,yes,"A man travels a distance of 6,700 meters to buy a horse, and he travels another 5,345 meters to visit a friend. How many meters did the man travel in total?","12,045 meters",yes
นันทมารถ,"มีกบอยู่ในบึง 32,650 ตัว ถูกนกกระสาจิกกินไป 23,439 ตัว ยังเหลือกบอยู่จ านวนกี่ตัว","32,650 – 23,439","9,211 ตัว","9,211 ตัว",จำนวน,yes,"There are 32,650 frogs in the pond, and 23,439 of them were eaten by kingfishers. How many frogs are still left?","9,211 frog",yes
ศุภางค์,"แซม, คาร์ลา และ ซาราห์ ใช้เวลาช่วงบ่ายเก็บเปลือกหอย แซมเก็บได้ 11 ตัว ถ้าเราบวกจำนวนเปลือกหอยที่แซมและคาร์ลาเก็บได้ รวมทั้งหมดจะเท่ากับ 24 ถ้าเราบวกจำนวนเปลือกหอยที่คาร์ลาและซาราห์เก็บได้ รวมทั้งหมดจะเป็น 25 ตัว แต่ละอันเก็บได้กี่ตัว",24-11=x และ 25-x=y,"11,13,12 ตัว",แซม (x) เก็บเปลือกหอยได้ 11 ตัว คาร์ลา (y) เก็บเปลือกหอยได้ 13 ตัวซาราห์ (z) เก็บเปลือกหอยได้ 12 ตัว,จำนวน,yes,"Sam, Carla and Sarah spent on afternoon collecting sea shells. Sam collected 11. If we add the number of sea shells collected by Sam and Carla, the total would be 24. If we add the number of sea shells collected by Carla and Sarah, the total would be 25 shells. How many shells did each one collect?","Sam: 11, Carla: 13 and Sarah: 12",yes
ศุภางค์,คุณโจชัววิ่ง 6 กิโลเมตรทุกวันตั้งแต่วันจันทร์ถึงวันศุกร์ นอกจากนี้เขายังวิ่ง 12 กิโลเมตรต่อวันในวันเสาร์และวันอาทิตย์ โจชัววิ่งกี่กิโลเมตรในหนึ่งสัปดาห์,(6*5)+(12*2),54 กิโลเมตร,54 กิโลเมตรในหนึ่งสัปดาห์,ระยะทาง,yes,Mr Joshua runs 6 kilometers everyday from Monday to Friday. He also runs 12 kilometers a day on Saturday and Sunday. How many kilometers does Joshua run in a week?,54 kilometers,yes
ศุภางค์,"โรงงานแห่งหนึ่งผลิตของเล่นได้ 5,500 ชิ้นต่อสัปดาห์ ถ้าคนงานในโรงงานแห่งนี้ทำงาน 4 วันต่อสัปดาห์ และถ้าคนงานเหล่านี้ทำของเล่นได้เท่ากันทุกวัน จะผลิตของเล่นได้วันละกี่ชิ้น",5500/4,1375 ชิ้น,450 ชิ้น ,จำนวน,no,"A factory produces 5500 toys per week. If the workers at this factory work 4 days a week and if these workers make the same number of toys everyday, how many toys are produced each day?",1375 toys each day,yes
ศุภางค์,ในหนึ่งปีมี 365 วัน และ 100 ปีในหนึ่งศตวรรษ หนึ่งศตวรรษมีกี่วัน,365*100,"36,500 วัน","36,500 วัน",จำนวน,yes,"There are 365 days in one year, and 100 years in one century. How many days are in one century?","36,500 days",yes
ศุภางค์,ในร้านมีขนมทั้งหมด 123 กล่อง แต่ละกล่องมีขนม 25 ชิ้น ในร้านมีขนมกี่ชิ้น,123*25,3075 ชิ้น,"3,075 ชิ้น.",จำนวน,yes,There are 123 boxes of sweets in a store. There are 25 sweets in each box. How many sweets are in the store?,3075 sweets,yes
ศุภางค์,"จิมขับรถ 768 ไมล์จากการเดินทาง 1,200 ไมล์ เขาต้องขับรถไปอีกกี่ไมล์จึงจะสิ้นสุดการเดินทาง",1200-768,432 ไมล์,432 ไมล์,ระยะทาง,yes,Jim drove 768 miles of a 1200 miles journey. How many more miles does he need to drive to finish his journey?,432 miles ,yes
ศุภางค์,"
ทอม จูเลีย ไมค์ และฟรานมีไพ่ 175 ใบสำหรับใช้ในบางเกม พวกเขาตัดสินใจแบ่งปันอย่างเท่าเทียมกัน แต่ละคนควรจะหยิบไพ่ได้กี่ใบและเหลือไพ่อยู่กี่ใบ",175/4=xแบบปัดลง และ 175-(x*4),คนละ 43 ใบ เหลือ 3 ใบ,44 ใบ เหลือไพ่อยู่ 3 ใบ,การแบ่งของ,no,"Tom, Julia, Mike and Fran have 175 cards to use in a certain game. They decided to share them equally. How many cards should each one take and how many cards are left?","43 cards, and there will be 3 cards left",yes
ศุภางค์,ทอมกับบ็อบเป็นพี่น้องกัน และพวกเขาแต่ละคนมีเงินเท่ากันเพื่อซื้อของเล่น ราคาของเล่นชิ้นนี้อยู่ที่ 22 ดอลลาร์ ถ้าแคชเชียร์ให้เงินทอน 6 ดอลลาร์ แต่ละคนมีเงินเท่าไหร่,22+6=x และ x/2,14 ดอลลาร์,14 ดอลลาร์,เงินตรา,yes,"Tom and Bob are brothers and they each had the same amount of money which they put together to buy a toy. The cost of the toy was $22. If the cashier gave them a change of 6$, how much money did each have?",$8.00,no
ศุภางค์,นักเรียนหญิง 123 คนจะถูกขนส่งด้วยรถตู้ขนาดเล็ก รถตู้แต่ละคันสามารถบรรทุกสาวได้ 8 คนเท่านั้น คือจำนวนรถตู้ที่น้อยที่สุดที่เป็นไปได้ในการขนย้ายเด็กนักเรียนหญิงทั้ง 123 คน,123/8,16 คัน,16 คัน,ทศนิยม,yes,123 school girls are to be transported in small vans. Each van can carry 8 girls only. What is the smallest possible number of vans that are needed to transport all 123 school girls?,16 vans,yes
ศุภางค์,บิลลี่อ่านหนังสือ 2 เล่ม เขาอ่านเล่มแรกในหนึ่งสัปดาห์ 25 หน้าทุกวัน เขาอ่านหนังสือเล่มที่สองใน 12 วัน 23 หน้าทุกวัน บิลลี่อ่านได้กี่หน้า,(25*7)+(12*23),451 หน้า,451 หน้า,จำนวน,yes,Billy read 2 books. He read the first one in one week with 25 pages everyday. He read the second book in 12 days with 23 pages everyday. What is the total number of pages that Billy read?,451 pages.,yes